,0
U5E74,1985
U81F3,1915
U5D14,159
U8349,307
U9F13,54
U611B,329
U8EAB,535
U5C07,700
U76D6,111
UF96B,6
U5099,323
U6578,713
U5BEB,73
U5B50,2419
U807D,296
U5F97,1620
U8655,782
U9670,256
U65CB,122
U5341,1303
U81FA,364
U671B,719
U5764,106
U96C6,349
U7232,4258
U53EF,2384
U4E8C,1022
U5247,2498
U767C,488
U5DEE,151
U7136,2151
U61B2,232
U65E5,2527
U562F,32
U571F,175
U884C,1541
U65ED,6
U83AB,428
U5176,5607
U4E4B,17615
U5C31,245
U79C9,121
U96B1,391
U4EE5,7006
U76F8,1123
U81E3,3058
U770B,214
U674E,940
U5F80,383
U661F,145
U6309,236
U6C11,719
U672A,1745
U5FED,10
U6B64,2401
U535A,111
U7406,777
U5E2B,425
U67AF,39
U9006,70
U4E00,3151
U88AB,336
U7AEF,310
U8FFD,186
U9996,416
U5BC4,227
U6236,180
U5B6B,441
U82B1,361
U7FF0,80
U9593,718
U6751,224
U5DDD,297
U66F0,1814
U54A8,103
U6B63,983
U65E9,209
U800C,8509
U4E91,397
U77E3,1966
U537F,357
U60D5,66
U5211,194
U6714,71
U6C34,491
U5BA4,234
U5C0A,318
U516C,3504
U4FE1,252
U4E94,603
U67F3,226
U96D6,1188
U8870,184
U90E1,244
U53BB,371
U7D20,255
U9AD4,456
U60D9,18
U75BE,404
U6587,2143
U7D42,611
U56FA,417
U7BC0,684
U5BBF,116
U958B,396
U8B28,69
U8AAA,399
U901F,78
U6709,5307
U8F3F,106
U53F8,676
U7701,257
U77E2,28
U6A02,464
U696D,375
U7576,1227
U81EA,2236
U6C7A,146
U6210,1080
U975C,266
U5BA3,256
U64E7,587
U5728,1596
U4E5F,3756
U6B32,799
U83CA,51
U8C37,222
U4F7F,1234
U757F,32
U7D2F,208
U4E15,46
U671F,312
U718A,12
U6B23,80
U5A01,153
U8033,274
U7F77,249
U5DF2,1186
U6614,231
U7ACA,310
U5426,116
U4E8B,2842
U592B,1062
U5217,273
U5929,1853
U653E,88
U4E0D,7731
U8863,266
U9014,125
U4EAC,268
U5152,193
U5468,385
U91D1,740
U559C,346
U7121,3115
U65A5,175
U4EE4,531
U763C,11
U8FAD,825
U5148,1675
U4E0A,2027
U8ABF,186
U5C19,549
U9298,177
U80FD,979
U6642,1862
U662F,1945
U6F0F,45
U4E0B,1551
U9748,257
U8150,15
U4EBA,3805
U6240,2620
U4E2D,1745
U6BBA,80
U820A,419
U51CC,62
U4F6F,8
U9053,1338
U8986,99
U77E5,1584
U76EE,258
U7D8F,35
U8F2F,18
U7368,505
U5BE6,759
U8896,46
U5ACC,98
U65AF,403
U9010,66
U96F2,630
U5716,220
U5B78,1254
U7B75,198
U751F,2366
U65C1,78
U5FA9,861
U826F,267
U55DA,257
U554F,489
U4ECA,1882
U795E,628
U5730,832
U6C0F,446
U7533,366
U5C71,1524
U7678,144
U660E,1524
U7E3D,17
U8207,1345
U656C,401
U8A95,47
U8F1D,98
U7FFC,121
U5FB7,917
U65CF,114
U4F55,1612
U9664,256
U5931,446
U4E5D,380
U4F86,1147
U6FC0,128
U4ED9,140
U8A18,323
U6D1E,129
U7528,710
U51CB,33
U897F,445
U6B72,549
U66D9,9
U4E5E,204
U8C9E,260
U805E,884
U5F85,352
U9AD8,830
U6DF1,933
U52D5,371
U9577,876
U738B,1006
U5FC5,1043
U767B,357
U6089,276
U541B,1393
U6B3A,52
U8463,30
U65B9,672
U76F4,462
U537D,482
U6708,1358
U5982,1813
U6628,143
U5DDE,425
U63D0,300
U9B5A,130
U8AA3,111
U6548,145
U624B,255
U8005,3556
U5948,53
U8CA8,22
U4E11,129
U5B9C,649
U53EA,337
U5165,613
U5316,275
U7559,273
U6295,65
U9A5A,155
U95DC,246
U7006,59
U7FE0,81
U5F7C,267
U66F2,134
U8056,1182
U8D17,4
U8CAB,67
U758F,587
U91CD,1024
U7A7A,236
U8AA0,582
U7687,252
U79E9,111
U592D,40
U516B,361
U9858,247
U7109,809
U8C48,820
U570B,1229
U8F9C,41
U6575,58
U6B5F,215
U5B98,907
U53C8,1303
U50D6,21
U8B1A,62
U610F,964
U9A36,7
U8F9B,190
U5973,626
U8B19,89
U82E5,855
U6276,141
U6C96,65
U7DE3,104
U6BB7,77
U8FE8,11
U5F8C,1404
U5FC3,1580
U8B39,317
U751A,663
U53CA,872
U7570,458
U7B9A,175
U7F54,118
U66D6,10
U5916,805
U898F,183
U969F,2
U9091,152
U7591,221
U514D,231
U5236,429
U5937,144
U7D1B,149
U8AA6,103
U947F,30
U56DB,766
U7372,131
U5A1B,40
U9EE8,145
U51FD,14
U5B8F,57
U4F0F,678
U714E,39
U4E8E,951
U60E1,161
U7530,274
U795D,142
U627F,700
U60C5,719
U62C8,11
U5F1F,369
U8A31,343
U5617,529
U6F14,36
U624D,337
U8B02,732
U6BD3,14
U8499,209
U5EAD,287
U505C,74
U6A6B,100
U5DE2,24
U7891,96
U842C,862
U90AA,63
U8E48,48
U53C3,579
U8861,91
U8212,37
U6C38,384
U660C,127
U66F8,1353
U5B70,157
U61FC,162
U58EB,830
U7434,52
U7F8E,442
U7236,493
U5B89,926
U8ACB,627
U964D,201
U69E9,91
U70C8,156
U5343,592
U8AD6,912
U8001,486
U83EF,454
U596E,81
U7BC9,74
U699C,40
U54C0,288
U5F62,214
U8AF8,914
U89C0,684
U5893,228
U6B7B,439
U8D0A,242
U7FC5,24
U5CEF,87
U6211,1077
U7562,105
U4F8B,183
U95A3,136
U77BB,153
U90E8,116
U6A13,243
U925E,27
U5F9E,835
U8B70,1018
U964B,96
U8B01,70
U820C,33
U57CE,568
U8F09,306
U8DB3,363
U590F,186
U502B,118
U96C0,13
U4E14,808
U6D89,87
U984C,214
U65BC,4573
U5694,3
U547D,1300
U9041,47
U8F15,201
U901A,385
U5104,41
U767E,705
U9042,412
U5805,62
U98A8,1199
U5C48,78
U904A,242
U7537,336
U4FEE,362
U6F7A,8
U5145,89
U76E1,577
U5C39,311
U8D08,461
U5FE0,610
U5169,314
U4E59,192
U793E,123
U518D,216
U6E3A,75
U91C1,41
U628A,42
U99C1,14
U96A8,316
U7BC7,127
U6563,141
U5C45,717
U8AE1,118
U9032,730
U5B63,223
U8DEF,393
U53D6,324
U65B7,173
U5224,652
U63AA,90
U51FA,1230
U6109,35
U76CA,656
U76E3,341
U8077,415
U95D0,1
U69AE,220
U985E,150
U50E8,20
U5922,250
U79FB,279
U662D,215
U591C,402
U5F18,86
U540D,961
U52E4,216
U4EAD,294
U85E5,111
U63A5,143
U75DB,188
U50B3,526
U4F11,215
U7DA0,106
U6BCD,281
U9673,456
U79AE,842
U5A5A,19
U767D,570
U671D,1462
U8272,401
U6B66,240
U6797,382
U7955,17
U54C9,795
U9580,623
U5B5D,449
U5C24,362
U79C1,274
U4E45,497
U5178,369
U50ED,36
U53F3,388
U904E,521
U971E,76
U888D,14
U7D76,389
U798E,50
U975E,1080
U9304,260
U7954,74
U5DF1,318
U858A,12
U754F,126
U6C42,314
U5408,292
U9078,206
U7FBD,45
U521D,478
U8072,485
U4E4E,1196
U79CB,543
U6562,688
U60DC,161
U524D,901
U7707,27
U7DAD,120
U5831,210
U982D,200
U9EC3,277
U602F,8
U8ECD,286
U59D4,148
U4EF0,277
U6258,58
U90B5,10
U6216,734
U5168,249
U4EA6,1471
U7F6E,201
U6016,14
U58AE,23
U9BAE,112
U6069,451
U611F,435
U5F15,214
U7FA9,888
U5371,193
U6B3D,78
U543E,804
U963B,62
U7336,458
U5B97,894
U5FD7,471
U9063,171
U7737,106
U4F0A,68
U5237,10
U5BB6,1230
U5149,518
U7A7F,25
U5B85,69
U6F22,340
U4F3C,347
U6C23,732
U5E78,385
U60B5,30
U61F8,78
U62D9,94
U7D93,596
U50BE,93
U6BEB,119
U5E2D,184
U7E8C,56
U609A,63
U5DF3,127
U7DB5,29
U53E2,49
U543B,8
U61F7,329
U8FD1,593
U4E43,638
U529B,442
U6AA2,74
U7152,16
U5E95,87
U5225,349
U752B,181
U65E8,390
U6CF0,190
U99F8,32
U5BFA,241
U4E9E,25
U4F59,647
U5B88,401
U52C1,29
U5802,511
U6E38,241
U606F,148
U81E8,335
U5256,12
U55AC,29
U6C5B,3
U53E4,794
U56E0,405
U4EE3,433
U7A4D,205
U89BA,187
U5FE4,38
U548C,398
U7279,455
U7686,769
U65B0,497
U516A,59
U8A58,5
U6D79,18
U9662,337
U5A36,111
U5BEC,160
U591A,898
U8840,77
U5CA1,77
U592A,623
U77F3,351
U5404,200
U4F69,37
U9DB4,115
U6027,349
U6572,8
U6CBB,468
U596B,4
U4F73,159
U5761,61
U95B1,109
U7167,153
U621A,126
U53F2,338
U5BDF,378
U633D,131
U7C4D,103
U514B,184
U81F4,445
U4E09,1265
U672C,707
U4E16,1722
U89D2,44
U6673,7
U4EA5,143
U53D7,376
U679C,184
U75BD,2
U5EB6,375
U7D05,142
U7A3F,52
U8A2D,178
U912D,252
U773C,122
U57FA,89
U82BE,2
U92D2,25
U6728,194
U6771,749
U898B,1239
U90FD,502
U5949,534
U6C99,88
U92B3,36
U8154,13
U9A57,47
U5BF5,117
U9055,188
U7A93,95
U8F12,212
U7FCA,65
U96E3,611
U6CE5,50
U90DE,347
U6DF9,107
U5E7C,194
U5411,272
U5EF6,106
U5167,493
U6B4C,212
U723E,256
U5C09,56
U5E0C,68
U96D9,92
U95C8,31
U7AE0,517
U5E9C,588
U8DE7,2
U7515,12
U969B,212
U908A,189
U9808,249
U5473,81
U8A00,1705
U8DA3,94
U6176,268
U75C5,499
U6170,148
U8A2A,116
U652C,19
U61F2,30
U5C01,209
U5B9B,32
U8CFB,21
U8A69,826
U6B78,726
U6212,184
U6D2A,191
U5308,3
U4E07,4
U9F4A,194
U7ADF,156
U8D85,137
U63C6,58
U9B31,149
U5206,511
U89A9,73
U6545,735
U544A,265
U610D,69
U5553,335
U89E3,248
U81BA,61
U53A5,127
U6CC1,261
U526F,259
U8208,473
U7F85,147
U8446,8
U9A65,18
U4F9D,255
U5E8F,230
U7B2C,335
U4ECD,364
U5109,62
U670D,379
U4EC1,460
U937E,118
U529F,494
U632F,108
U7130,8
U63A1,51
U516E,481
U7BC4,117
U4F46,189
U6C57,43
U6EAB,141
U82AC,47
U513C,33
U582A,172
U6DAF,85
U865B,223
U5C0D,346
U7F6A,512
U5448,117
U4F4D,308
U5668,156
U606D,239
U6DF8,794
U601D,507
U596A,86
U81E5,92
U7F3A,89
U79D1,294
U80B2,71
U5C4B,116
U53E5,138
U701C,5
U966A,60
U63ED,49
U9802,20
U4ED6,278
U7531,290
U7A0B,107
U9F61,61
U8FF9,58
U8B7D,39
U695A,45
U6D6E,187
U5F35,145
U5531,45
U5357,632
U5439,70
U84CD,16
U7601,28
U6D95,158
U63DC,5
U6CDB,77
U6182,463
U6C5F,541
U8D8A,200
U83F4,75
U4E73,6
U6D41,509
U4FD7,191
U6253,18
U82E6,136
U4E88,364
U942B,20
U4F47,19
U8CA0,173
U5E1D,277
U5F98,17
U6613,349
U61CD,42
U8AC7,101
U5E73,749
U723B,3
U540C,933
U6625,723
U5E7D,261
U5BF8,71
U4EA4,221
U5C6C,171
U983B,70
U5BE9,82
U6C08,13
U57CB,42
U96DC,81
U7DBF,59
U8B8A,375
U4E3B,533
U8F54,1
U99AC,383
U5782,208
U90B4,2
U803F,78
U654E,698
U4FAF,133
U534A,154
U5BCC,100
U718F,19
U9732,164
U5FF5,461
U6B67,26
U95AB,63
U6EA2,88
U666F,237
U59A5,22
U4E03,334
U6062,67
U62BD,19
U6025,183
U6E19,22
U6BCB,74
U7AF9,147
U4E56,57
U5353,84
U9080,39
U68C4,76
U5FAA,144
U50FB,48
U6033,45
U907A,343
U7ACB,435
U7A3D,101
U64CD,127
U5162,37
U99B4,24
U8AF1,505
U907F,140
U5100,252
U8D6B,90
U5584,428
U6666,67
U5BF6,148
U653F,934
U694A,109
U5EFF,6
U73ED,76
U66FE,365
U66FC,8
U4E82,167
U9162,12
U816B,4
U610E,2
U6B4E,161
U990A,315
U7387,95
U78D0,4
U5984,73
U689D,122
U66DC,9
U7AAE,267
U5305,45
U85DD,130
U9084,540
U9704,34
U88D8,19
U9686,167
U50CF,50
U6F23,16
U9EDE,84
U8A08,222
U60DF,709
U5143,530
U7E86,2
U5D4C,1
U5D07,300
U84EE,59
U77DB,6
U516D,448
U52DD,435
UF967,211
U7532,245
U60D3,27
U7E31,88
U7D66,76
U7345,4
U6BBF,537
U8846,224
U7DB8,90
U5F4C,185
U5074,98
U64AD,51
U6E72,2
U4EFB,431
U61BE,42
U6E9F,28
U82F1,218
U6EAA,180
U5954,89
U61FD,53
U9000,274
U4FEF,119
U59D1,119
U530D,3
U5BB9,365
U66DB,8
U64B0,162
U905E,233
U5FDD,73
U66FF,45
U84CB,418
U5F92,228
U64CA,45
U7B11,193
U8A9E,555
U8853,109
U5919,133
U967D,428
U7D06,35
U6A4B,30
U5F1B,39
U70AE,1
U8B80,262
U6248,40
U727D,32
U7FC1,218
U512A,163
U540F,283
U6E3E,91
U9700,38
U5BA6,97
U717D,9
U98EE,122
U6A39,266
U6975,441
U7E61,29
U906E,15
U98EF,27
U5401,26
U75DE,6
U5F3C,48
U6627,117
U6A11,73
U6795,49
U5339,60
U64EC,131
U7D0D,124
U812B,74
U8F49,203
U8CB4,207
U7FA3,191
U60F6,89
U5F65,69
U5112,279
U9001,263
U8B58,335
U539A,234
U56D1,11
U8A13,194
U8CE6,164
U4F5C,577
U8CDC,392
U589E,165
U5983,57
U6249,33
U60B2,160
U5960,60
U76C8,93
U7E3E,51
U9060,568
U5FA8,25
U5BC2,116
U96E8,427
U6B86,129
U53D4,143
U4E4F,66
U5EA6,314
U67F1,48
U6597,95
U805A,68
U6F51,6
U6756,111
U7A31,477
U4ECB,50
U9751,264
U65E3,672
U6F6F,4
U6E1B,72
U5747,134
U5C68,25
U9CF3,146
U6FDB,19
U8A72,45
U5171,204
U6734,230
U5FD9,22
U99D0,23
U4FDD,159
U5BAE,293
U584A,8
U7B1B,22
U62D3,13
U58EC,150
U6B3E,57
U4E01,215
U7070,19
U5BD2,251
U8657,44
U5EE2,203
U6C88,224
U5927,2464
U6085,89
U5BB5,39
U6B8A,169
U6853,22
U9918,517
U4E26,252
U9592,161
U5EDF,433
U5F0A,233
U9999,206
U5EEC,115
U773A,36
U8A8C,115
U756B,147
U7B26,36
U60F3,159
U5C0F,491
U8E10,45
U8305,64
U60D1,67
U504F,164
U5BC6,180
U55AA,303
U5085,47
U6C60,92
U68F2,57
U4F50,150
U79AA,80
U618E,12
U5317,359
U5BB3,126
U664F,63
U9830,5
U9F94,8
U9008,26
U7C73,38
U59CB,479
U6848,59
U5DE6,350
U53CD,163
U8377,133
U5FB5,154
U784F,24
U6FE1,26
U5C3A,115
U4FBF,181
U904B,155
U58EF,134
U9711,60
U88D4,47
U53E3,156
U8CD3,116
U6194,8
U7E96,61
U7B46,169
U91CB,140
U6FDF,141
U65BD,215
U67F4,28
U80AF,115
U701D,31
U6D17,65
U675C,84
U8B74,88
U6EC4,43
U62DC,572
U5FCD,138
U7994,12
U6B62,275
U8B1D,208
U714C,53
U66F4,401
U60A0,148
U5C11,542
U7A1F,112
U7C2B,5
U5EB7,144
U73E0,50
U6101,117
U98DF,206
U60A3,116
U52C9,205
U6D69,106
U6703,297
U6D66,65
U6D77,552
U5875,213
U66E0,101
U792A,27
U52A9,63
U675F,41
U5FF1,81
U7D71,82
U54C1,131
U5229,199
U54A4,19
U6CD5,493
U690D,42
U88F3,37
U7948,104
U6B21,539
U8C4E,19
U809D,45
U5019,79
U721B,48
U52D9,253
U907C,45
U5E16,30
U5974,52
U8D77,307
U8EAC,116
U5557,2
U60DA,6
U595A,91
U986F,213
U7267,169
U71DF,162
U6BDB,53
U81E0,8
U8AEB,218
U5340,223
U7720,63
U4FC4,51
U5349,18
U665D,69
U8877,136
U53F1,9
U5B9A,362
U6230,87
U7FA1,15
U501F,44
U6607,34
U9854,27
U724C,20
U733F,13
U980C,68
U798D,127
U557B,40
U8DDD,28
U8CB3,59
U98DB,167
U9285,13
U6196,2
U64A4,24
U9675,260
U9ED8,77
U6C33,8
U6A80,14
U7A70,18
U7FFA,9
U8036,285
U6CB3,208
U6F02,14
U9081,40
U50B7,217
U9192,27
U6BCF,376
U8D64,72
U548E,56
U8A70,21
U5177,214
U59BB,74
U6582,89
U76DB,473
U69BB,41
U5EC9,103
U7269,610
U50D5,128
U5750,319
U8C5A,5
U6A1E,167
U667A,91
U9115,247
U5FAE,382
U54B8,182
U6551,99
U532A,67
U563B,60
U7DE9,59
U7384,90
U52FF,187
U67D0,129
U6142,4
U9075,89
U932F,52
U8B96,6
U53B2,65
U9803,111
U620A,170
U89AA,549
U80C4,30
U8B33,21
U6108,138
U56DE,189
U4E19,175
U6BD2,32
U541F,243
U8E72,9
U932B,148
U98BA,9
U8B4F,30
U4F2F,185
U67B3,3
U847A,10
U984F,134
U8CC1,22
U66D7,1
U6669,178
U8A3F,6
U9E97,205
U5915,226
U6539,300
U6307,176
U97FB,349
U8C61,139
U5EE9,23
U536F,130
U57F7,191
U6084,8
U91CE,250
U9867,277
U5377,186
U5351,69
U9F8D,287
U5E38,621
U6396,31
U3761,8
U61E6,14
U6700,145
U6C5D,92
U8F3B,3
U8178,45
U6DAA,3
U548F,5
U804A,61
U8FB0,221
U65EC,58
U58C1,103
U547C,323
U57A4,1
U60BE,6
U840A,42
U7164,1
U8D74,182
U5287,48
U965E,157
U98E7,11
U885B,119
U4E86,45
U7CDC,22
U6E9D,16
U5C60,17
U9050,63
U55E3,92
U88CF,126
U61A9,8
U5EF7,200
U7317,25
U7956,687
U5DF5,14
U820D,229
U60F1,20
U613C,120
U8089,52
U8086,84
U62DB,87
U4F9B,90
U5076,125
U58FD,257
U66AE,131
U9644,84
U5B58,235
U8CDE,98
U5F81,76
U7511,3
U9112,17
U4F5B,102
U8CC7,237
U97AD,27
U6FEF,38
U62D8,65
U9047,255
U7709,40
U8193,3
U654F,72
U81C6,38
U6298,94
U7169,94
U6FF1,39
U67DA,4
U737B,241
U8AA1,12
U7A2E,86
U52A0,422
U91C0,10
U81E7,26
U9CE5,107
U6DE1,55
U8A66,250
U9326,109
U5BB0,209
U8B77,130
U601B,26
U8CBB,73
U5352,252
U552F,168
U76EA,20
U8FD4,47
U62ED,13
U62B1,100
U5E77,114
U5175,352
U6CE2,89
U5B8C,82
U8805,6
U65F1,72
U6BB2,11
U796D,278
U5B8B,152
U6308,15
U6608,1
U7B54,174
U5433,75
U7464,24
U677F,44
U52F8,94
U5947,202
U968E,64
U7DB1,85
U82DF,210
U8A87,44
U8AE4,6
U9762,178
U79A6,52
U6DDA,74
U56B4,309
U4E58,147
U64C7,94
U4EAB,250
U5B64,200
U5B57,344
U793A,187
U6301,238
U95AD,70
U970F,27
U6885,125
U6DFA,89
U6B98,111
U50FE,8
U5180,81
U61C9,470
U8ED2,199
U8B2B,47
U7E7C,226
U8F14,168
U6291,177
U8FA8,128
U7E23,224
U81BD,24
U651D,54
U517C,331
U9207,8
U9CF4,100
U55AE,33
U5EFA,125
U5864,5
U5A49,48
U85CF,188
U5374,141
U5BE1,73
U4E08,98
U96AA,72
U5E19,17
U9054,302
U91CC,359
U5E72,96
U9072,147
U7A46,84
U8462,14
U5368,6
U6083,60
U916C,74
U6599,33
U5E37,27
U5F90,98
U96CB,26
U5C08,150
U8D70,91
U5E36,170
U7D14,88
U58B3,36
U6068,163
U5BA2,329
U9152,317
U597D,330
U50E7,137
U5ECA,42
U6292,17
U5F71,135
U5189,38
U9910,15
U535C,78
U965F,39
U8085,182
U732A,10
U7A7D,4
U8C6A,69
U5834,55
U8E30,97
U95CB,26
U6697,70
U9A64,4
U8AB0,292
U7E69,32
U672B,164
U91CF,99
U594F,108
U58FA,54
U8CE2,487
U6D88,99
U6775,1
U5E7E,382
U6148,127
U6674,65
U98C4,64
U83AA,7
U652F,64
U6557,55
U6EFF,310
U8CC0,117
U5012,59
U99B3,100
U67D3,53
U7258,32
U7740,58
U6DB5,64
U7165,44
U5CD9,29
U58A8,43
U7230,66
U6DEB,40
U582F,48
U864E,66
U84BC,142
U74CA,32
U7FE6,11
U853D,38
U616E,205
U7B6E,10
U6602,33
U66C9,116
U62EF,18
U6C92,80
U539F,381
U6052,96
U5E03,147
U78A7,101
U9931,1
U7565,161
U7389,298
U914D,154
U7AED,56
U8205,61
U8A0E,61
U4EF2,180
U52DE,158
U62F3,18
U8584,150
U4ED7,29
U5712,107
U6CE3,102
U73A9,58
U8B3E,51
U4F8D,253
U5CFD,29
U57A3,30
U6E90,162
U90B8,21
U934A,35
U7C21,177
U985A,70
U95D5,174
UF90A,28
U9818,218
U8606,6
U9DC4,50
U5DD6,99
U797C,5
U5F01,25
U64E3,3
U5C16,5
U856D,104
U8543,34
U5C55,44
U9AEE,94
U5B87,114
U6E9C,1
U9280,67
U6B20,37
U7159,167
U72C0,299
U8CCA,122
U51A0,191
U6DBC,73
U96CD,44
U6B65,128
U7BB4,33
U5955,43
U5C0B,198
U66F9,634
U828D,3
U7CBE,312
U676D,8
U900B,22
U6127,170
U4F51,49
U9756,164
U5DB7,13
U5B54,130
U6E96,50
U5192,165
U8DCB,53
U8AED,162
U52E2,214
U5F0F,119
U7B49,630
U7344,93
U7504,15
U4F38,112
U8A34,35
U52AB,9
U573B,9
U79EA,39
U72D7,18
U5132,73
U6CAE,31
U8D99,247
U9020,143
U88E8,53
U9707,94
U9DF2,3
U9699,19
U59E6,28
U832B,118
U6C37,94
U8CEA,148
U7386,254
U6D32,29
U93AD,111
U9069,238
U8000,63
U7957,99
U53AD,74
U7538,12
U4F5A,17
U8941,6
U5B7A,79
U6BD4,143
U8A73,141
U5348,122
U665A,113
U6065,81
U798F,167
U7AC4,65
U8C8C,62
U8A46,15
U5A1F,15
U8B00,136
U9632,72
U85C9,57
U5065,62
U6D3D,76
U61B6,77
U9A37,35
U6C90,21
U6620,120
U6F01,51
U5354,49
U5A66,119
U5EB8,122
U77ED,85
U7965,105
U4FFE,134
U4F5E,50
U7DAC,5
U6881,60
U703E,49
U8B9F,2
U5047,72
U5B5F,160
U722D,162
U8CAC,173
U7612,1
U7E1F,10
U52BE,31
U5207,259
U6019,14
U890A,10
U745E,98
U63A8,209
U8CE4,83
U85A6,118
U5830,5
U4FF1,245
U654D,148
U8A63,69
U8F08,4
U51F6,54
U5BD3,88
U865F,308
U6713,3
U7C37,37
U9928,263
U58A9,14
U7037,3
U5E02,45
U620C,134
U96C4,92
U7235,88
U51E1,270
U96C7,3
U6050,274
U8003,266
U7FB2,25
U72AF,87
U9A5F,34
U617E,13
U53EC,165
U9694,78
U64FE,40
U8CF4,104
U6C40,10
U85AA,14
U6CE8,84
U7690,19
U8B93,74
U616B,4
U7A0D,119
U5141,127
U8A60,193
U585E,137
U4F10,37
U919C,24
U6504,6
U8007,12
U6CCC,3
U8868,220
U5CA7,4
U6F38,81
U70CF,76
U902E,77
U72C4,7
U5FD8,269
U7DE8,73
U69CB,60
U6377,30
U8E0A,6
U5510,115
U6649,106
U92DF,9
U5C62,183
U5D19,10
U6096,25
U5BD4,99
U7981,183
U6B77,278
U913D,1
U7D19,52
U633E,27
U7940,164
U5C38,37
U70A1,1
U643A,75
U9695,62
U7D50,130
U5A9A,28
U6155,204
U5118,28
U57DF,67
U4E92,38
U58E4,58
U971C,114
U8888,1
U5996,15
U77DC,59
U673D,48
U8015,57
U8AC9,5
U5BC5,195
U59A8,57
U9951,16
U5FA1,225
U9919,4
U7D2B,77
U85E9,58
U846C,197
U7CFE,24
U7247,56
U6839,87
U7AC5,5
U50DA,101
U71C8,59
U91AB,54
U7E82,20
U6B0A,266
U60B6,65
U6B46,39
U584B,11
U66C6,47
U72FD,6
U7A37,61
U7834,65
U5275,45
U6C95,5
U822C,23
U797F,152
U66A2,34
U540E,129
U6ED3,7
U5DBA,180
U57DC,6
U9817,99
U9A0E,66
U766D,1
U78EC,18
U602A,59
U900F,28
U9713,7
U5F70,47
U8457,305
U5451,21
U6A35,18
U59A3,85
U722C,2
U58D1,88
U9023,191
U6197,4
U7941,9
U677E,300
U95E5,16
U7D33,71
U84EC,55
U961C,28
U5951,64
U5D22,4
U5ED3,29
U8F42,10
U6FE4,26
U4F88,48
U60B0,9
U8996,238
U6FD5,34
U5857,59
U96C9,19
U9642,12
U574A,19
U984D,48
U6CEF,63
U5DA0,3
U4B95,1
U6C5A,17
U9149,136
U90A3,39
U99FF,25
U53E8,64
U64AB,110
U8A1D,14
U6715,11
UF9E7,2
U96EA,246
U8700,12
U884D,58
U7949,43
U79C0,145
U51A4,71
U9824,27
U52E0,1
U4FC2,101
U5272,30
U61A7,6
U8FB1,73
U9B41,61
U6731,145
U8EC0,18
U96A3,114
U7385,18
U905C,44
U5C3E,18
U611A,140
U55FD,2
U5B2A,34
U7DBA,26
U570D,36
U62AB,63
U7B56,172
U9A6A,52
U7693,16
U7FCC,24
U525B,90
U71E7,6
U88CA,5
U7518,73
U66C8,3
U8469,7
U6F1A,5
U98ED,86
U85A8,14
U6574,61
U7E5A,6
U683C,109
U8F29,144
U8FE5,10
U7422,11
U64C1,51
U7463,13
U8FF0,140
U9119,55
U8350,44
U9293,56
U81FE,13
U5546,110
U66C1,20
U7A79,25
U85FB,64
U97D3,152
U559E,4
U6028,66
U91AE,16
U6D3B,44
U5718,34
U67D4,47
U904D,63
U7684,23
U7E41,62
U520A,52
U9A62,15
U5F3A,113
U821F,88
U56BC,9
U525D,23
U58D3,35
U6F54,75
U6CC9,154
U5DE5,166
U5F69,48
U9A01,18
U557C,27
U6D6A,48
U54ED,105
U5703,107
U9806,158
U6E4D,31
U5055,49
U615F,36
U7DBE,13
U4FC3,27
U973D,37
U50C9,122
U6687,125
U6388,213
U73FD,2
U6F97,41
U795B,21
U8FEB,98
U62D4,40
U851A,75
U4E9F,140
U6F64,49
U906D,123
U751E,32
U523B,88
U52C7,38
U821C,63
U6E44,5
U63EE,59
U5586,17
U60E0,173
U5144,217
U4E39,100
U62C2,33
U4E7E,125
U6E22,7
U6BC5,36
U56DA,34
U58FB,25
U5E54,4
U6115,24
U91D0,30
U9EBB,38
U5CFB,52
U7AF6,70
U9E7F,29
U6E25,61
U5E79,44
U6AC3,4
U5FEB,49
U9E7D,29
U7A1A,22
U655D,5
U77C7,3
U98E2,51
U5282,7
U7E2E,33
U840B,7
U54EE,1
U5409,119
U4ED8,73
U59FB,19
U7B0B,1
U6ED4,52
U8FE4,32
UF901,26
U6215,8
U9769,90
U8CBD,59
U619A,27
U76CE,12
U6B49,26
U8070,78
U7210,23
U65A4,62
U6A3D,25
U9761,223
U8FD3,19
U63F4,38
U59D3,125
U8DE1,149
U5E9A,156
U9038,107
U7BE4,195
U6EEF,59
U6E56,151
U5F79,160
U89F8,46
U5ABC,4
U5F8B,145
U7AE6,14
U6DF5,144
U7337,75
U6C93,23
U8776,10
U5BC7,61
U5331,23
U6059,9
U4FDF,95
U7763,33
U6162,42
U6566,133
U8CED,2
U7DBB,6
U4ED5,156
U5230,195
U6E6F,47
U969C,19
U8328,14
U7514,3
U9177,27
U9957,22
U7B95,67
U771E,305
U64E1,2
U6FA3,13
U59F8,14
U6536,180
U862D,77
U5F77,18
U5609,207
U8CA7,61
U6192,25
U707C,21
U5F99,14
U9DF9,19
U71D5,130
U8B49,40
U8096,67
U994B,13
U653B,59
U6705,3
U7620,10
U7248,12
U55DF,181
U99ED,77
U79BD,28
U5018,70
U566B,91
U8FCE,85
U63F7,6
U9B4F,36
U6222,13
U918D,1
U53E9,34
U5AD7,31
U6094,44
U61FF,94
U75C1,1
U5EFB,42
U97F3,165
U7E46,8
U620D,10
U54E1,105
U7DB4,37
U938C,2
U524A,64
U756F,3
U9C57,19
U5632,9
U5501,3
U71C1,20
U865C,55
U53CB,243
U80E1,102
U95CA,62
U99A8,28
U51AC,176
U708E,38
U8679,16
U9EEF,31
U8449,97
U6F5B,92
U95CC,32
U90A6,158
U758A,57
U8E36,8
U7470,10
U78A9,66
U62CA,10
U51E0,46
U6134,18
U5B76,1
U9909,22
U8CA2,79
U700B,22
U6979,25
U8F1F,61
U7D04,95
U76CD,31
U840D,7
U555C,9
U63A9,75
U5C3C,29
U8AD2,73
U7063,26
U87FB,25
U978F,10
U9D3B,84
U9F4B,231
U7CFB,31
U6668,80
U5BA5,31
U6012,100
U50EE,17
U9A55,15
U5883,142
U5E3D,22
U633A,39
U8B20,25
U5713,38
U6355,27
U80CC,46
U80DA,3
U60FB,47
U7E37,29
U9003,57
U4FCA,30
U6055,39
U5BE7,313
U725F,6
U61BA,5
U7B87,54
U758E,94
U6460,79
U5509,1
U9678,50
U8AD1,2
U560F,6
U852D,19
U88FD,130
U89BD,84
U886B,12
U7FD2,164
U6C13,12
U62FF,21
U4FF8,23
U6C54,28
U64DA,105
U80C3,6
U6BB5,31
U6F13,12
UF95C,33
U8239,25
U8CD9,11
U6478,22
U8006,71
U7D00,156
U9077,186
U6495,7
U7246,2
U6243,11
U6B47,25
U80A1,12
U7252,31
U68CB,6
U5B5A,53
U8981,174
U7F44,18
U5D6C,12
U6A50,18
U5FFD,159
U9451,125
U6F2B,63
U50B2,23
U6B7F,80
U5EA5,9
U557E,5
U8339,8
U6D8E,2
U5C65,99
U8026,8
U8302,66
U6BA4,19
U53F5,3
U9663,47
U6DEE,35
U5E87,23
U6241,43
U5E44,22
U620E,45
U96C5,201
U85B0,35
U9F0E,106
U895F,67
U8AFA,6
U8B5C,34
U865E,94
U8D66,32
U7200,11
U7FB9,19
U5EE3,184
U5FD2,10
U725B,51
U7D96,1
U6063,32
U8A15,2
U707D,78
U7F69,1
U6EC5,37
U5967,30
U7ABB,9
U5872,35
U6DFB,56
U8B90,4
U71B3,8
U72C2,64
U8A85,89
U6CBE,32
U5DE7,46
U8306,8
U9052,7
U731D,20
U907D,162
U7E6B,46
U95BE,4
U9022,108
U659F,16
U51CD,10
U7AE5,39
U9189,136
U9187,24
U82D1,40
U5347,71
U6CCA,42
U6691,49
U5DBD,103
U9088,58
U8A3B,71
U541D,14
U7FA4,84
U7126,29
U6F20,26
U821E,72
U5B5C,24
U97FF,33
U5E8A,61
U8DEA,18
U6A19,56
U8DA8,119
U75FC,14
U6B37,10
U64E2,97
U71ED,70
U5321,66
U6577,55
U5D16,31
U4FD9,7
U77BD,9
U901D,54
U5CB8,37
U9B44,17
U6FA4,177
U82D5,7
U8475,13
U85F9,89
U6473,9
U602B,7
U60F0,15
U7E8F,23
U52A3,32
U4FB5,60
U9051,78
U65CC,57
U79B9,66
U7255,25
U64D4,35
U6606,31
U8A6C,11
U68E0,25
U5F04,27
U9E1D,2
U7A20,52
U5484,11
U82D4,32
U9852,9
U7A3C,31
U95C7,22
U8CB8,26
U76C3,3
U7FD4,30
U5F6D,27
U68D8,45
U5C40,58
U88F6,1
U9AA8,89
U8A16,42
U7DB2,28
U8C50,88
U7A40,59
U85C1,15
U75FE,12
U8F61,20
U5197,10
U638C,118
U5F14,33
U9A5B,37
UF9D1,12
U8403,21
U6147,4
U9E0E,7
U71BE,20
U81DA,7
U5EC8,16
U6FA1,5
U6190,116
U6E2C,50
U6168,91
U731B,14
U6522,14
U6D78,28
U6A5F,142
U7F55,48
U99EE,1
U99D5,102
U5FCC,37
U886E,45
U7FCE,4
U88C1,104
U8C6B,44
U5D27,4
U585A,6
U7A17,4
U6384,11
U9591,75
U8AA5,42
U51B6,27
U6C83,19
U8912,80
U8654,35
U7AFF,20
U9846,7
U9654,3
U9589,45
U76E4,80
U8FFA,45
U8A54,41
U8B9A,10
U62EC,13
U8A91,5
U577C,12
U9A08,9
U65AC,45
U676F,64
U7579,9
U593E,18
U552E,14
U7719,1
U7F70,59
U7058,29
U9677,38
U8385,47
U81C2,14
U5FC9,9
U52AA,19
U8271,127
U6231,43
U93D8,12
U5DD2,21
U5360,41
U500D,73
U7030,8
U9264,17
U640D,98
U8127,1
U807F,24
U6A9C,23
U8276,43
U6EAF,12
U8859,17
U872E,2
U98BC,4
U704C,19
U63E1,27
U6E4A,8
U5FBD,56
U5BE5,33
U59D2,12
U7547,12
U7D22,51
U8511,27
U7FFB,42
U9594,71
U5BE2,157
U542B,82
U609F,59
U811B,3
U9B2A,9
U60BC,29
U7A74,31
U7F38,7
U6F88,16
U679D,101
U612C,9
U5709,2
U7A86,12
U61F6,49
U96D5,22
U6ED5,1
U64EF,11
U622A,36
U5B0C,9
U8E0F,50
U5944,44
U8ADB,13
U4771,3
U4EB9,20
U670B,41
U7CB9,56
U581E,6
U54F2,95
U745F,16
U6387,26
U6821,139
U59BE,29
U4F94,17
U8ECA,101
U9163,26
U6D74,25
U4F34,49
U65A7,12
U6B5B,6
U5091,38
U5195,26
U7D31,16
U7439,3
U5766,19
U55DC,32
U80F8,64
U770E,7
U60A4,11
U6D38,5
U98FD,30
U8E50,7
U62F1,46
U6953,33
U8E4B,2
U8B4D,9
U7761,38
U6064,86
U88D5,39
U9839,45
U79A9,7
U5298,7
U5806,16
U860A,92
U6736,8
U79E6,50
U7325,70
U6092,20
U6843,63
U7C89,27
U51DD,72
U50D1,10
U57C5,1
U88F2,2
U8CA1,71
U4E18,83
U7522,48
U5507,10
U8A1F,61
U5E1B,25
U7B0F,12
U7C3F,75
U674F,27
U4E4D,20
U7656,8
U4EA1,154
U73E5,9
U61C7,187
U7ABA,42
U78E8,59
U7B6F,1
U754C,55
U8513,9
U6163,9
U8B1B,242
U96E2,141
U5146,66
U8798,4
U75B5,18
U50AC,37
U59B9,25
U5026,51
U978D,32
U6F86,18
U6CB4,4
U958F,14
U659C,57
U51BD,8
U6280,26
U5AC2,4
U4F57,12
U88B5,6
U596C,44
U8E35,34
U6750,142
U51B7,36
U501A,86
U77E7,41
U6746,4
U5226,3
U6383,56
U8D0D,33
U5049,96
U5C5B,95
U7DDC,13
U9EA4,12
U6E20,29
U76DC,40
U96B7,38
U6591,26
U73CD,55
U7D30,116
U843D,213
U584C,4
U5EA7,66
U6F6D,38
U58DE,42
U8A5E,173
U59FF,54
U55A9,26
U8129,68
U87BB,12
U9D09,6
U3A3E,11
U6158,28
U68A8,12
U7436,1
U535E,68
U6EF2,7
U53F6,17
U9688,6
U8CE3,15
U58BB,43
U8E4A,22
U5F8A,53
U574E,15
U6817,48
U6343,5
U9058,22
U8607,53
U9B3C,57
U9708,18
U8832,35
U8596,2
U8C41,27
U7FE3,1
U6EA5,16
U6C89,17
U8A10,8
U838A,103
U914C,57
U82B3,111
U5F91,54
U868A,2
U8AA8,34
U4137,1
U90B1,24
U9650,87
U623E,44
U54E4,1
U768E,37
U88E1,9
U806F,90
U66FA,28
U96F6,26
U62B5,68
U634F,13
U73B7,16
U6BAA,2
U64C5,37
U7540,23
U614B,45
U970C,10
U660F,139
U5821,14
U9EFD,16
U7DF4,26
U6021,62
U76A6,6
U834A,23
UF978,9
U50C5,33
U5EB5,38
U96B0,8
U6B61,96
U6469,24
U5C51,24
U8862,15
U8892,4
U770A,2
U719F,55
U85CD,20
U8E8D,21
U5AC1,28
U7658,15
U89B2,28
U6893,36
U8B66,96
U6232,84
U6187,4
U5DCD,24
U6B50,25
U7950,36
U5393,9
U5FAF,3
U4E95,73
U8FF7,128
U97FA,2
U4E9B,5
U5C53,3
U7AD9,4
U9D70,1
U5024,76
U589C,44
U7F4F,2
U7FAF,9
U7AEA,3
U6A17,12
U91B4,20
U72E1,9
U5DF7,61
U97F6,21
U5B65,5
U608D,19
U8D0F,20
U5999,81
U54FA,10
U6DEA,50
U6838,9
U6961,11
U89F4,101
U85EA,9
U592E,14
U5B4C,6
U8525,14
U50EC,4
U5EBE,13
U7A00,57
U9CF6,14
U65D7,25
U5ED1,21
U526A,6
U76C6,24
U8993,10
U5BB8,48
U7FEE,12
U88D2,6
U5F56,2
U8CB2,8
U8801,5
U9B22,35
U8352,145
U4EAE,36
U5D29,42
U7960,91
U7919,12
U9744,35
U7A81,14
U8017,11
U9435,41
U5BD0,38
U7D72,62
U8B29,2
U7DCB,3
U6467,44
U9773,25
U68AF,9
U5FBC,11
U8073,46
U98FE,99
U8DFC,7
U6E2D,26
U7F86,6
U8839,10
U5598,30
U8170,16
U6208,20
U9D1F,8
U7E93,23
U8EEB,36
U8CE1,20
U592C,7
U66B4,64
U5DE1,60
U9ECE,17
U97AB,32
U5F31,88
U5C91,23
U8944,25
U755B,6
U9812,28
U55A7,44
U6FB9,45
U8588,4
U8D81,18
U5140,12
U890E,6
U6D94,17
U56B2,1
U9B6F,93
UF9AA,3
U8DE8,12
U5F2D,15
U9B42,70
UF9CD,5
U8336,35
U51F0,10
U5002,25
U9A0F,5
U4E98,7
U53F0,43
U788C,12
U8238,1
U8FE2,35
U72C3,4
U52C3,9
U5A7F,28
U84C9,7
U7501,12
U6BC0,83
U7FD5,21
U971B,6
U59EC,12
U5396,18
U7A69,22
U7E55,14
U70FD,6
U712B,2
U86A4,39
U8A14,16
U795C,5
U83C1,10
U5DE8,48
U704E,9
U66AB,44
U7564,7
U96DE,29
U8A55,37
U8F26,26
U6C72,51
U6A23,9
U838E,8
U5E25,33
U8CFC,9
U845B,14
U6035,31
U8A03,26
U608C,18
U8AFE,6
U8AE7,15
U509A,2
U6CB9,21
U7E2B,17
U7D1C,13
U9676,109
U8AA4,97
U7E98,12
U97CB,48
U5CE8,18
U8CF5,2
U72D0,9
U8FB2,88
U755D,12
U5F37,64
U5F4A,22
U9B16,4
U75C7,27
U70B3,47
U55FE,11
U8B6C,17
U79E7,1
U6479,14
U7E1E,4
U9D20,1
U64BC,7
U7BA1,83
U965C,7
U6406,18
U80BA,14
U83F2,22
U827E,10
U8650,13
U6177,26
U5F9C,13
U559A,13
U56AE,44
U8A4E,38
U6DD1,127
U73FE,13
U5BDE,47
U9460,13
U8F03,48
U818F,30
U6C86,3
U5BB4,91
U5F13,19
U7587,46
U4EA2,7
U6279,101
UFA04,3
U6D25,49
U6CF3,11
U9F9C,52
U5606,40
U7D44,21
U75B2,14
U60B8,15
U707E,34
U7552,22
U6900,2
U6144,24
U88DC,112
U7021,13
U573D,5
U7586,59
U8A8D,16
U6E21,26
U7B4B,19
U92FC,3
U69AD,13
U8569,95
U62CB,60
U883B,9
U5F87,11
U9ECC,3
U788D,10
UF9A2,6
U81F2,3
U8C55,6
U60C6,13
U8587,21
U7C1E,3
U6367,21
U5A1C,2
U968D,9
U78CA,22
U6CBF,35
U6CC2,3
U9912,8
U4EC0,8
U4F4F,45
U95E1,33
U8477,2
U753F,3
U8F5F,3
U5370,46
U88DD,20
U6B12,10
U7433,8
U621B,7
U761E,6
U7766,29
U9087,38
U7DA2,4
U5DEB,16
U7AB6,8
U6200,40
U6519,1
U57C3,31
U9396,26
U9167,2
U7425,4
U60C0,2
U8B07,19
U58F9,5
U8E85,21
U6FEB,59
U6789,29
U9952,40
U90F5,10
U8CAA,31
U525E,7
U92B7,15
U7B2B,2
U7760,9
U7C72,47
U8E08,17
U74B0,54
U97E1,2
U6D1B,68
U9245,34
U5C6F,39
U5BF0,9
U5101,12
U647D,3
U5379,13
U7469,15
U61C8,45
U5BE4,7
U6E5E,3
U9821,5
U8A93,32
U711A,45
U8857,11
U7554,33
U784E,4
U52F3,116
U5C04,41
U67C4,15
U68F9,15
U79C7,4
U9059,83
U646D,16
U8972,79
U4EA8,57
U7E59,1
U8FA6,46
U6416,59
U5E7B,21
U754B,3
U964C,12
U6368,23
U8CB7,20
U5F5D,60
U6F2A,4
U7F72,68
U7A4E,26
U819A,12
U6493,48
U5993,9
U51B5,54
U8179,32
U7D83,3
U59DC,45
U5E06,11
U99AD,18
U80E5,35
U9D60,23
U6538,51
U9E9F,48
U6851,78
U8043,6
U6935,2
U99D1,22
U7CA4,16
U7377,5
U8E8B,45
U572E,18
U5F6C,42
U82EB,4
U5137,12
U72FC,23
U51A5,64
U9BE8,18
U6BAB,60
U91E3,31
U518A,70
U605D,3
U98AF,18
U531D,10
U651F,1
U8EF8,35
U5DC9,3
U929C,36
U71FF,7
U669D,6
U7780,13
U7D03,1
U7403,13
U7015,13
U8A98,21
U6020,25
U7E44,7
U6581,13
U7F9E,45
U6AD3,1
U705D,9
U8058,19
U63DA,140
U5291,17
U9C32,7
U6339,33
U5F64,8
U6635,20
U6CD3,11
U61FE,9
U7C5F,8
U6F84,53
U75D2,2
U5442,21
U9DFA,11
U7A9F,24
U6500,48
U5115,17
U88C0,1
U9A2B,16
U4F4E,39
U755C,22
U8004,14
U778D,1
U8A71,36
U59EA,31
U6CEB,13
U8292,22
U74CF,3
U885D,33
U963F,45
U9444,9
U67EE,1
U5A62,30
U67EF,19
U7972,3
U675E,22
U8CDA,18
U99D2,15
U5826,13
U95BC,12
U508D,82
U9A45,50
U5FB9,62
U6D61,5
U81FB,45
U723D,94
U8DEC,6
U66E9,13
U9EDD,3
U980F,6
U8F2A,46
U79DF,13
U9AE6,5
U7A76,121
U9A16,41
U7C3E,25
U8D05,15
U6E5B,21
U99A5,10
U5CE9,18
U8FC2,34
U6842,46
U5E5F,4
U69C1,9
U8FC4,16
U8AB2,35
U6576,2
U7AC6,19
U661C,5
U81BB,3
UF9F6,11
U5261,8
U87F2,23
U83DC,27
U818B,1
U90C1,12
U6590,5
U80CE,13
U5147,16
U7AA9,8
U6DF7,43
U589F,34
U7192,7
U9D06,2
U615A,19
U6912,23
U8A25,14
U7A57,3
U4EF6,10
U7155,68
U6234,50
U5A25,11
U5EAB,21
U807E,11
U66C7,5
U96B3,12
U6753,3
U99B9,22
U6537,11
U98C6,4
U7C6C,29
U8E49,14
U5CAB,9
U4E42,12
U8A17,35
U58DD,1
U6C7E,14
U5021,35
U6F62,6
U8C9D,7
U7C98,4
U794D,1
U5C50,12
U568C,1
U9EBE,24
U84B8,17
U5EDA,12
U96F7,65
U7B8B,60
U6DCB,7
U636E,27
U759A,11
U87A2,10
U56F0,47
U9813,47
U7B4C,2
U77B0,7
U82D2,11
U5EF3,60
U7166,13
U690E,15
U7D43,25
U7B25,8
U646F,11
U4FF6,2
U56CF,7
U852C,15
U887F,20
U9015,29
U8A23,24
U914A,3
U8123,2
U6F66,10
U93B0,3
U9134,5
U6E1A,23
U67FB,80
U62D6,10
U9EDC,54
U5DD3,15
U63A0,10
U85FC,7
U6106,36
U594E,26
U58D8,15
U5FFB,8
U8A62,41
U8757,4
U7F8A,14
U8FA3,1
U7375,20
U82D7,17
U69EA,37
U58C4,9
U4FD4,5
U6BD7,21
U7A14,12
U881F,5
U64FF,1
U6174,3
U50DE,40
U511F,13
U8153,1
U84D0,4
U7FEB,15
U4319,3
U71B8,1
U5E55,30
U62FE,38
U72AC,29
U884B,5
U83C0,7
U7CBC,4
U6CE0,12
U7D40,1
U5179,12
U7F88,30
U99FB,1
U9F6E,5
U505A,25
U51A2,23
U748B,8
U83BD,45
U9079,5
U5F48,29
U5300,8
U706B,96
U89BF,9
U68EE,19
U7CC5,1
U61CB,17
U53EB,16
U80B1,9
U90CA,83
U6CDD,11
U68FA,6
U5009,38
U8B2C,81
U7A49,5
U5B16,1
U533F,14
U840E,8
U78F4,4
U7E08,10
U839E,5
U6B04,20
U71D0,4
U8151,6
U25A6,51
U5320,21
U9B51,1
U5CB3,53
U81FC,5
U6E67,10
U4AA5,3
U7A6B,6
U9074,6
U88C2,26
U9AB8,16
U82B8,5
U6A70,2
U60F8,6
U8703,8
U5EB3,9
U7240,17
U6CBD,6
U6B84,15
U7D0B,7
U7B47,12
U81B3,36
U5EF8,15
U8CBF,9
U7143,3
U8C46,45
U5770,4
U6070,12
U7FA0,4
U96FB,11
U52F5,74
U8CB6,20
U9C1C,1
U5231,20
U8E59,47
U9178,13
U5C64,57
U8604,11
U6349,4
U5289,25
U8CC8,26
U6ED1,11
U5366,8
U4EC7,7
U7C60,29
U52D2,30
U623F,68
U5ACB,4
U79AB,13
U84C1,10
U5E63,10
U9CE7,10
U6EBA,14
U90ED,34
U6D0B,52
U6B39,6
U66F7,44
U51DE,2
U79EB,5
U975A,15
UF972,1
U6773,31
U8AF6,7
U9727,47
U5605,5
U8910,25
U8C3F,10
U67CF,33
U7E54,8
U9DD7,28
U7DD6,53
U6C1B,21
U84C0,2
U5CB1,15
U9172,5
U6A21,43
U8AFC,7
U606C,41
U672D,16
U7D6E,10
U803D,23
U8907,11
U668E,14
U5110,7
U73E9,9
U7D61,8
U6850,22
U8DBE,32
U8218,18
U7662,2
U7FF9,11
U641C,30
U5CF6,79
U7262,28
U5F5B,7
U6191,56
U8755,2
U82EF,3
U7E39,12
U71D2,15
U699B,5
U5191,2
U5410,36
U8E47,25
U55D4,9
U6524,2
U553E,6
U7A98,16
U76DF,42
U667C,8
U74EE,5
U903C,17
U9716,20
U76E5,14
U8ABC,42
U9621,35
U9036,16
U8303,17
U8CD1,12
U863F,20
U3958,5
U6FC3,26
U6D12,12
U9DE2,1
U576A,12
U5DC7,3
U8D67,9
U8518,3
U5B99,15
U9455,1
U5AE1,30
U8521,18
U8D6C,5
U75D5,17
U8F24,3
U920D,26
U5AE9,9
U8C8D,1
U7A3B,17
U606B,12
U65FD,28
U77BF,12
U7E73,7
U5851,1
U803C,9
U88A0,9
U52FE,5
U9B4B,2
U8B26,3
U4E32,2
U5043,45
U4EF7,18
U7E5E,42
U878D,49
U71E5,9
U5885,10
U5914,6
U8DF3,10
U7ADD,9
U6461,2
U7259,15
U5114,11
U921E,11
U69C0,1
U8AC4,30
U6369,1
U8A9A,9
U7011,15
U5CF0,57
U80B4,7
U82DE,7
U98EB,5
U79B3,9
U7FF3,21
U7D0A,13
U6CD7,20
U6E34,31
U39FB,3
U3811,1
U649D,8
U777F,83
U96C1,19
U5E97,8
U68E3,8
U64E9,18
U5288,4
UF934,15
U7DEF,25
U7F75,19
U8342,2
U84CA,4
U9D51,10
U9F4E,17
U76BF,4
U4FCE,35
U74A7,21
U7E15,7
U8A48,12
U622E,19
U9CE9,18
U74D8,3
U9214,3
U6F4F,2
U5880,17
U66F3,7
U51BE,1
U80B8,4
U7455,16
U6F58,21
U9016,5
U7AC1,3
U712F,22
U90B6,2
U769A,6
U4F90,4
U8DCC,7
U5925,10
U54B3,7
U81B4,4
U6372,14
U7881,2
U6F11,7
U963C,4
U97DC,12
U6696,35
U9913,11
U6D65,7
U65A1,11
U7FE9,44
U97A8,2
U8FED,26
U9AE3,11
U7506,1
U54BD,24
U6DE8,47
U5283,7
U6D93,31
U5824,29
U8299,9
UF9F1,2
U6ECB,36
U7525,14
U78BA,38
U6F33,6
U67D8,2
U6EC2,12
U594A,1
U7CA7,26
U79D8,23
U9B27,11
U871A,9
U6E24,11
U8E14,13
U7D45,5
U6D91,8
U58C7,45
U83D3,5
U7DD7,2
U60E7,3
U5B30,21
U696B,10
U7407,2
U5345,3
U7DDA,18
U8D10,10
U8466,7
U8E81,9
U5DB8,4
U8FEA,14
U9AA9,3
U6CEE,21
U8146,10
U81BE,10
U71EE,10
U8988,44
U901E,11
U4EC4,6
U89F1,1
U8FAF,11
U821B,15
U5D69,15
U70D8,9
U6D63,10
U6CAB,5
U7D46,7
U873F,5
U7B97,23
U8F33,4
U79BE,16
U5F89,13
U70AF,23
U6698,14
U83FD,14
U8A1B,3
U564F,1
U7ABE,9
U6689,28
U9E1A,4
U8D82,4
U5E11,3
U6F8D,5
U699F,21
U8CBA,12
U68B5,6
U8D04,4
U7D08,9
U99A3,1
U8C85,4
U67C2,1
U9D77,4
U5B51,10
U6897,17
U8DDB,3
U6BFF,5
U65C6,10
U6B1D,17
U51DC,50
U666E,33
U64D2,3
U5BD6,10
U5858,30
U25D1,2
U887E,4
U7B19,17
U8F13,16
U365C,3
U8A6D,10
U55BB,3
U401C,3
U4EB6,15
U555E,7
U795A,29
U67E9,10
U82BD,11
U9ED1,38
U644B,1
U64D7,7
U8C62,3
U6EB7,11
U756A,25
U68D0,4
U56CA,15
U9714,4
U9EB4,4
U84C4,23
U834F,12
U96CC,5
U8203,21
U5D1B,5
U671E,23
U7051,44
U95E4,3
U993C,3
UF9E1,11
U9A30,75
U614A,14
U7E09,9
U632B,11
U655E,7
U970D,4
U8EDF,15
U6FEC,11
U5D50,16
U86D9,8
U5ABA,4
U8087,17
U777D,8
U6263,14
U8E2A,7
U7A61,35
U66E6,4
U85BE,3
U6199,3
U7C64,3
U5C0E,46
U65F4,1
U7D39,33
U8C4A,5
U6297,36
U86FB,4
U7635,2
U9296,13
U808C,11
U8E44,29
U6B9E,19
U7D2C,4
U95A8,35
U9EEE,6
U8F9F,30
U9011,1
U8A56,3
U5B55,3
U8B9C,16
U8B6F,22
U66BE,6
U7FA8,17
U7BC6,13
U7DDD,17
U5367,17
UF9DD,3
U9D6C,19
U7AA0,12
U7FB8,23
U92EA,18
U6E58,13
U7A80,3
U8C82,5
U811A,16
U64B2,8
U71AC,12
U98E1,11
U91C7,72
U5835,7
U682A,10
U7C1F,11
U574C,5
U8A0A,19
U7CA5,8
U5375,11
U82FE,19
U733E,9
U6609,5
U4F01,9
U7729,29
U8A57,4
U6D29,10
U9F3B,14
U6C68,6
U9EA5,12
U9ECD,18
U5CED,5
U9D28,11
U8CAF,11
U6EF4,13
U5E84,18
U76BA,5
U95B9,3
U96E9,6
U71B9,2
U8E9A,6
U7249,1
U5957,7
U7A60,2
U4F83,16
U6F32,12
U80E4,28
U8562,2
U5F59,16
U74E6,16
U6FC1,17
U69CE,10
U84F4,4
U5ECF,15
U7CAE,5
U56C2,19
U82DB,9
U9628,10
U8E99,1
U85CE,7
U8E64,37
U4FD8,7
U7D17,32
U6BEC,3
U746C,6
U9811,35
U5238,15
U80F7,7
U7BC1,6
U9DA9,4
U8ECC,34
U93E1,41
U731C,6
U9161,3
U9E93,21
U600D,6
U6247,22
U9EE6,1
U87F9,2
U9805,9
U9322,43
U7AE3,8
U5EC1,4
U72CE,7
U9810,29
U7CF6,3
U87C0,2
U7E94,47
U5257,4
U8010,13
U53A0,7
U5C79,11
U53BC,1
U5ADA,2
U6159,34
U95D6,2
U63D6,18
U5938,23
U5AE0,6
U87E0,8
U4FDC,1
U7FBE,3
U6B89,13
U8617,7
U6DEC,9
U6DF3,57
U57CF,2
U657B,12
U7B8F,1
U7C2A,31
U64CE,12
U9354,3
U7566,10
U6458,18
U7462,4
U9082,10
U65C5,56
U7287,3
U563F,9
U615D,9
U7CE7,14
U4E1E,55
U8E69,1
U645F,2
U84F0,6
U5010,5
U8B17,25
U5674,9
U8ABE,16
U63A2,34
U56C1,3
U7FB6,10
U576B,5
U51C9,18
U4F91,14
U56F1,4
U7DE6,7
U7FDF,6
U9DB1,6
U5016,9
U688F,2
U6790,24
U7C20,1
U7909,2
U9191,4
U657A,8
U70DD,14
U8930,5
U75CA,4
U814B,5
U8106,4
U9EDB,7
U3E84,1
U7643,16
U8CC2,4
U91AA,22
U5AD5,1
U8816,4
U77EF,59
U5978,53
U80D6,3
U51B1,3
U8D16,8
U88F5,4
U79B1,23
U5FA0,4
U5A63,6
U68AD,1
U546B,2
U4E2B,2
U750C,4
U7C9F,36
U645B,4
U6ADC,1
U80AB,8
U82BB,3
U849C,1
U96DB,9
U8667,32
U4F0B,3
U522E,14
U8D13,10
U5B95,12
U7AD1,4
U99D8,3
U500F,21
U64F7,2
U8071,4
U5861,14
U656D,14
U8B9E,11
U53AA,9
U7DCA,22
U701B,28
U78A3,26
U62B9,4
U9148,1
U6283,10
U829D,37
U7C69,7
U68A7,19
U6717,44
U8B37,3
U51C4,30
U79A7,21
U9F52,55
U746A,2
U8983,15
U8078,1
U968B,5
U9179,5
U5239,7
U89D6,16
U5E18,1
U97D9,10
U856A,24
U60B4,16
U89AC,10
U540A,1
U9B12,1
U72E9,5
U70DF,25
U72D9,1
U7E6A,8
U8913,6
U6C59,29
U8E76,9
U5EE1,15
U67EC,4
U6A0A,12
U6AA0,1
U77FB,10
U6137,6
U958E,6
U61A4,26
U75FF,6
U84BB,1
U7A1C,9
U4E31,9
U928B,14
U5ABF,17
U7BCB,14
U6C70,11
U65E6,2
U63A7,21
U9AEB,6
U5108,2
U57F9,31
U70CB,2
U78E7,3
U8236,5
U5807,5
U5962,11
U8340,6
U7FE5,7
U947E,6
U5B71,29
U59CA,25
U5A46,19
U9083,21
U68D7,4
U871C,2
U7825,14
U75AB,4
U72FA,1
U9D08,19
U8046,17
U89E5,5
U80A9,25
U4FD1,1
U8CC4,5
U96A7,12
U68DF,29
U8473,4
U6963,6
U77EE,3
U566A,8
U6CB8,15
U7626,16
U7CDF,4
U50B4,2
U8F4A,1
U9D12,3
U73A6,1
U7316,5
U5AB2,8
U6F8C,17
U76F2,9
U62BC,19
U9DE6,3
U8AC2,5
UF9D8,1
U7281,8
U8F4D,41
U523A,21
U5200,18
U9733,1
U85CB,3
U63DB,20
U6615,3
U8F38,44
U6D3C,7
U96BB,14
U980E,4
U610A,12
U93E4,11
U8662,1
U5C63,7
U62CF,2
U95BB,19
U9AE5,6
U6BA3,2
U7489,3
U5F4E,4
U6F2C,4
U5A9B,1
U7CB2,19
U72F5,3
U8ACD,9
U95E2,33
U7028,4
U5C12,6
U8188,24
U60BD,9
U5589,18
U7F65,5
U683D,12
U81ED,8
U8CA9,5
U8D8D,5
U6FF6,4
U73C0,4
U5DFE,43
U7DEC,18
U6977,14
U7A62,16
U8F4E,7
U8AE6,5
U5CF4,16
U53DF,23
U7378,18
UF97A,10
U819D,16
UF94E,1
U52FB,6
U7C97,19
U57A2,11
U9061,9
U966C,10
U74A0,5
U91A2,2
U75D8,5
U5D82,6
U8A3E,10
U66B5,6
U5E33,8
U8915,3
U6792,1
U710C,2
U85DC,12
U887D,11
U9741,1
U8300,8
U6A58,7
U8351,1
U8568,3
U74DA,5
U659B,6
U65D2,9
U55D2,1
U89A1,5
U6BF3,1
U621F,9
U95C3,14
U5F5C,2
U9766,13
U932E,9
U68C5,5
U5E40,13
U6E1D,15
U8EFA,11
U54E6,14
U51CF,16
U67D1,7
U9672,6
U6B59,3
U76ED,4
U9723,1
U90A8,2
U5220,9
U8B8E,19
U56AC,8
U616C,3
U95C9,2
U6B9B,7
U6D5A,13
U6661,1
U61DC,1
U4E10,6
U93D7,6
U6E98,3
U6374,12
U790E,14
U87C4,16
U6F94,4
U5274,15
U7BF7,1
U65AB,3
U92E4,14
U7099,12
U65D0,7
U75E1,1
U82B9,6
U5CA9,8
U528D,32
U8558,6
U84B2,20
U6726,1
U7199,3
U7D1A,10
U78C8,3
U9002,15
U6A38,14
U8ECB,6
U6E6E,13
U8E55,3
U63F6,1
U6F7E,1
U5FFF,12
U5541,3
U788E,10
U572D,15
U8712,5
U8766,6
U6FC2,18
U6E54,3
U8139,4
U6167,21
U68FC,6
U5412,2
U7BB1,6
U7E47,15
U6DD8,4
U9F77,1
U7634,15
U6422,17
U6043,45
U80A5,20
U7E11,2
U50CA,10
U86C7,27
U99DB,2
U947D,12
U6663,19
U614D,9
U64A5,2
U98DC,8
U6173,9
U5F07,9
U8EDB,1
U91AF,3
U611C,12
U73DD,1
U55C7,12
U6BBC,2
U6CF1,5
U968A,5
U8B04,10
U6B3F,4
U99D4,1
U6FE0,7
U6F70,14
U97B1,2
U8A0F,6
U7483,5
U8102,20
U8D84,2
U62C9,1
U5AB5,7
U751C,3
U7D3C,10
U66AF,1
U8813,3
U513B,7
U822A,11
U6B28,1
U5EA0,10
U9130,15
U82F4,11
U98E3,2
U7F45,5
U902C,17
U906F,14
U8490,6
U4E2A,2
U64F4,7
U7C09,2
U786C,3
U51F1,9
U81CA,1
U59AF,5
U60CE,4
U8B92,22
U701F,4
U660A,24
U8559,7
U840C,16
U6894,3
U7A05,36
U8E9B,1
U5A40,3
U6CD0,3
U9B3B,2
U8E62,1
U7AF4,2
U88F4,10
U9005,10
U79E4,7
U6B1E,4
U5AFA,6
U665F,3
U6A3E,3
U8FD5,13
U8B4E,2
U9249,8
U6BAF,22
U51B3,12
U564E,6
U7967,22
U5015,3
U5D52,6
U5671,4
U605A,3
U965B,45
U5DBC,5
U70AD,7
U8B16,5
U798B,10
U78EF,15
U8393,1
U89DA,12
U9730,2
U6C5E,1
U53E6,4
U7C4C,33
U8E5F,46
U6491,6
U73EA,13
U5203,12
U7095,1
UF91B,2
U6A84,10
U6D3E,12
U93F5,3
U8307,5
U515A,2
U8CBC,4
U860B,11
U5DCB,8
U64E0,8
U8CA4,5
U9AB3,8
U71B1,33
U8274,2
U65F0,7
U5BC0,2
U69D0,21
UF9E4,3
U4F81,9
U90C4,2
U812F,1
U7578,5
U76AE,14
U61D4,3
U7FDB,11
U929A,3
U67F9,6
U8AF3,9
U7791,9
U4398,6
U6EC9,7
U772D,1
U98C0,2
U56C5,1
U95A4,19
U5B09,33
U6688,2
U904F,22
U3D81,2
U5B69,4
U9A11,1
U6518,22
U9F90,3
U7D73,3
U7C00,3
U54BF,2
U7934,10
U578B,5
U5078,17
U5C4D,3
U6081,1
U7DD8,25
U6171,3
U8881,8
U8AF7,21
U7C92,5
U8247,3
U93A7,1
U502D,34
U50C7,3
U6F3E,6
U755F,2
U5278,10
U5C90,16
U7405,12
U7E50,7
U6E2F,1
U5DD8,6
U5A7A,4
U52D8,34
U7C5C,1
U7C07,13
U96B8,1
U9814,3
U9F6A,1
UF900,14
U6F3F,13
U885E,4
U71CE,4
U862F,1
U6BD6,6
U5544,4
U741A,4
U8925,4
U7D13,12
U6476,10
U5D11,6
U9375,4
U6380,4
U7104,3
U87FE,10
U71FC,9
U6664,7
U964A,6
U8317,7
U9A69,10
U7947,4
U5969,5
U5208,3
U5862,6
U959F,18
U6067,7
U614C,3
U5269,6
U8ADC,1
U5616,8
U7A92,13
U366E,3
U7A83,19
U91DC,8
U74BF,7
U7DE0,3
U95A1,5
U52FA,7
U9276,1
U741B,3
U745C,1
U7980,6
U62D2,19
U9319,8
U67B9,1
U5BEE,7
U9D72,12
U4EC6,9
U752F,2
U7E7D,5
U5DD1,2
U7E33,3
U546A,2
U9034,1
U7F79,27
U75F0,8
U6CBC,11
U6D7C,7
U5A0C,5
U5F26,2
U5023,22
U9BEB,2
U81A0,10
U9021,10
U584F,9
U9E1E,31
U520B,2
U99AE,8
U8CD6,7
U749E,9
U69C3,13
U9F76,2
U5556,3
U71F9,15
U8872,9
U6E43,2
U9698,27
U9702,2
U5440,1
U846D,7
U38FC,2
U95D4,9
U5AE3,6
U61B8,7
U7B20,6
U90E2,7
U8174,13
U52DB,8
U5005,8
U8396,8
U6470,1
U5809,2
U6DC5,7
U9EF7,2
U8018,19
U618A,11
U708A,9
U535B,6
UF99A,4
U6684,11
U87E8,2
U96B4,10
U70F9,9
U904C,2
U7430,3
UF9F4,4
U7CA2,5
U5827,6
U771A,8
U8B1F,2
U902D,12
U6841,2
U5A95,4
U77F8,1
U5636,6
U58DF,5
U97DE,6
U892B,8
U6E5C,5
U7E6D,6
U71E0,7
U8E34,1
U884A,7
U5C46,8
U8F45,12
U7350,5
U72F9,11
U6F06,10
U62C4,4
U6E6B,9
U92CB,1
U5476,4
U66B8,1
U8277,2
U696E,7
U9DD9,3
U7F7E,2
U9F08,6
U947C,1
U8966,3
U6350,19
U74BD,7
U6C6A,8
U6C94,2
U8A79,16
U50F9,24
U6905,1
U991E,13
U89AF,9
U67B5,6
U79D2,1
U8546,4
U754A,2
UF9CA,4
U8D69,1
U97A0,9
U8E1E,5
U86A9,8
U6311,7
U5C67,8
U88A4,1
U6D87,5
U7480,2
U41B3,3
U59E8,5
U51B2,7
U715C,2
U9A4A,4
U7C67,2
U7017,4
U64D0,1
U73EE,9
U67BB,1
U97BE,1
U8DCE,10
U8CEB,8
U6D19,10
U745A,4
U7151,4
U60FA,9
U7E1D,2
U8836,10
U7704,12
U66EC,5
U5DFD,10
U84BF,15
U7005,1
U71D4,3
U4F84,3
U6C9B,18
U518F,5
U8855,5
U8858,2
U774E,4
U7DF1,4
U7771,1
U68A2,9
U85E4,10
U50AD,2
U5277,1
U5213,2
U919E,14
U4EDE,15
U8DF2,1
U57F4,1
U77A5,3
U8B99,1
U6822,7
U6ADB,6
U4EDD,1
U5DF9,4
U9ED4,8
U61E5,3
U97B6,1
U68B0,9
U8E22,1
U5C7C,2
U7AC7,8
U65D6,1
U976E,3
U6FA6,1
U79AC,2
U7991,11
U76F1,4
U5CB5,3
U8E91,6
U7333,3
U66CF,1
U6DB8,7
U5000,8
U4FAE,20
U711C,10
U63E3,5
U8602,6
U65B2,11
U8494,4
U8FAE,2
U7329,1
U5384,8
U8398,11
U76A4,1
U4EDF,1
U8C7A,4
U639B,25
U75E2,4
U6CB1,4
U76A5,5
U796B,4
U9291,1
U9045,3
U8827,4
U5653,10
U64ED,1
U69E7,5
U532F,4
U8A51,6
U76E7,18
U8B54,1
U76B7,7
U74B5,4
U76AA,1
U7ABF,2
U9920,2
U6B83,6
U794A,5
U982B,2
U5A23,4
U750D,4
U5233,1
U7184,3
U837C,2
U843C,9
U69BC,1
U7D9C,11
U678C,2
U775E,2
UF907,3
U524C,10
U8739,2
U7D85,1
U55E4,11
U5B08,1
UF92E,1
U77AD,4
U9E92,9
U8DCF,1
U700F,2
U61AB,11
U8B41,5
U9AF4,11
U7768,6
U7E48,4
U8DEB,7
U7AC8,1
U7822,2
U6114,1
U7B72,6
U90BE,3
U55C8,2
U8404,2
U6ECC,23
U70DC,2
U8F57,2
U9035,15
U52D6,12
U8CFE,2
U7B52,3
U60CB,11
U7752,1
U77D7,8
U8F58,1
U86E9,3
U977A,2
U7621,5
U6942,4
U6F6E,14
U54AB,19
U9E1B,1
U7009,12
U79E3,2
U88F9,11
U7330,1
U6ABB,10
U72E0,3
U85D0,3
U6677,15
U756C,4
U95B4,2
U8AD7,8
U9F55,4
U625E,2
U9D7E,3
U7B04,8
UF90F,8
U9068,3
U3A41,3
U6E3B,14
U60C7,6
U979A,3
U6D0E,8
U7318,4
U5D87,3
U604D,5
U87EC,21
U89B0,5
U9D02,1
U8C9F,4
U7C3D,3
U5CDE,1
U732B,1
U54AE,1
U6FFA,4
U627C,6
U826E,8
U6C84,2
U8B8C,4
U64C4,1
U995E,2
U9DA2,1
U8B8B,2
U6328,3
U74DE,2
U994E,1
U70FA,6
U6246,5
U6141,1
U7B1E,5
U7C23,2
U8E93,5
UF927,1
U9A2D,6
U47C4,2
U8108,9
U65C4,5
U9471,8
U8E3D,9
U8EB3,6
U3E9A,1
U587E,6
U8F35,2
U64FA,2
U5E45,13
U7D02,3
U5854,16
UF971,2
U7309,1
U9BD6,1
U8EFB,4
U7C59,13
U6A45,1
U981E,2
UF939,2
U5CAC,5
U6CD2,2
U79BB,7
U8A75,4
U9F07,4
U7C5E,1
U7E79,11
U74A3,6
U8B5A,12
U9AAF,1
U50E3,1
U3E11,4
U9DBC,2
U7E3B,13
U5D53,2
U74DC,15
U8EA1,17
U972E,1
U59C1,1
U7256,13
U5243,2
U8FC5,4
U9954,6
U6E30,1
U9AD3,5
U701A,1
U8EFC,16
U9438,2
U5F66,2
U8E38,1
U9742,1
U60F9,6
U542E,1
U99F4,2
U95A9,11
U71E6,12
UF999,1
U9809,3
U7454,1
U7E9A,2
U77E9,10
U54F3,2
U9706,14
U716C,1
U5F82,10
U8758,1
U7257,2
U9BE4,3
U7D35,1
U9FA1,4
U375A,1
U86A1,1
U6113,3
U58AA,4
U5A92,10
U5FA7,5
U5F17,23
U6840,4
U703C,2
U8105,9
U53AE,1
U72A7,3
U5C8C,9
U501C,5
U7228,1
U7180,2
U6286,5
U6CC4,8
U5C29,1
U8165,14
U9D26,2
U9674,1
U5FD6,2
U90DB,1
U76B4,1
U874E,2
UF99C,2
U5A7E,1
U63E0,6
U9090,1
U6CE1,6
U81D8,16
U935B,5
U5DB0,11
U923F,1
U8556,2
U6128,5
U5372,2
U96D8,8
U831D,1
U5438,8
U6B48,1
U896F,7
U9D1B,4
U54C2,3
U6978,4
U6FBC,3
U5751,1
U6499,3
U6F09,5
U837B,1
U7263,2
U82A5,8
U7444,2
U6D8C,1
U9B02,1
U7F87,2
U859B,3
U7603,2
U7C38,4
U5AA2,6
U7078,2
U543C,4
U5AED,1
U5829,1
U9C08,2
U3783,12
U994C,14
U8702,8
U91C6,2
U59DA,7
U60C4,4
U7F4C,1
U6586,1
U69A6,3
U9A51,1
U7D5E,3
U5D85,2
U7CF2,4
U6DB2,9
U7D70,3
U9640,7
U6556,2
U7567,3
U6DC6,8
U74E0,2
U8066,8
U8332,5
U547B,12
U8591,2
U7DBD,14
U7AF1,2
U91BB,2
U9474,5
U77C2,2
U9E8B,3
U82FD,3
U8918,1
U679A,9
U9B54,2
U6414,6
U925B,9
U67B6,11
U4E38,8
U4FDB,16
U5B7C,11
U91BA,9
U86FE,9
U8335,8
U52DF,5
U5403,2
UF9E9,8
U99F5,2
U8EC6,11
U41A0,3
U65E0,8
U6EEB,5
U6D34,3
U776B,2
U9BF7,6
U9583,4
U99EA,4
U7C6F,2
UF9C9,5
U8F62,4
U9262,9
U8E74,4
U8F1C,1
U8301,4
U7023,4
U5AF0,5
U649E,6
U69E8,2
U667B,11
U83A0,3
U656B,1
U4F85,1
U8B0F,2
U6D3F,1
U83E1,3
U68B1,10
U8431,13
U9736,2
U9958,2
U9044,6
U6392,25
U990C,13
UF9EA,7
U96BC,2
U5D6F,6
U7BEA,4
U601C,6
U4F36,4
U90E4,1
U639E,1
U52AD,1
U66DD,5
U9685,29
U58FC,16
U65DB,1
U54B7,3
UF9E0,2
U5DA2,4
U95A5,17
U7BAC,1
U502A,5
U9746,1
U59E3,2
U8251,3
U678F,4
U74CC,5
U55A4,2
U88B1,2
U867A,4
U9418,9
U9169,4
U65C3,7
U6F15,5
U7931,9
U4F3A,9
U7DA3,4
U60F2,2
U63A3,6
U52D1,20
U5488,3
U829F,1
U92E9,1
U68E7,2
U9BAB,4
U9D69,3
U9738,6
U5C20,6
U88FE,8
U67C1,4
U6829,2
U93CC,2
U67DD,3
U66C4,4
U7B73,2
U8E54,4
U7A88,4
U7C56,2
U617C,5
U5EF5,2
U84D1,7
U63C0,7
U824E,1
U7035,1
U99D9,4
U891A,2
U588A,4
U79CD,1
UF9DF,1
U8A0C,4
U7553,1
U73B9,1
U609B,4
U5471,4
U9C5E,3
U7C83,3
U6042,13
U854A,4
U84FC,6
U7649,2
U9ED3,2
U9463,2
U86AA,2
U7661,12
U9DD6,1
U7E36,5
U97ED,1
U8831,7
U5DF4,4
U5B83,5
U7CB5,1
U79B0,8
U9E88,1
U49FA,1
U5A11,12
U5070,4
U88DF,1
U8202,6
U5FEE,6
U5F6B,2
U8C78,2
U799B,3
U5C7A,3
U6DE5,1
U7156,14
U9AFD,1
U5970,4
U6A1F,3
U9C78,2
U55F7,4
U6F81,4
U9414,5
U7CDE,2
U62F7,5
U5950,3
U6AA3,8
U7E62,2
U7C12,2
U9F20,10
U50F5,1
U766F,7
U8B10,5
U732E,2
U8AFF,1
U7DF2,5
U4E6B,1
U7486,1
U4409,1
U9C63,1
U7CCA,3
U6553,2
U6B35,8
U61BC,1
U723A,3
U715E,3
U5D2A,1
U5F27,3
U5E69,1
U99B5,1
U8109,6
U78CB,5
U58C5,12
U4F79,2
U95E0,3
U90DD,2
U70B7,2
U9A42,7
U5740,8
U596D,4
U9481,2
U8555,2
U6D98,7
U68B3,1
U9DC3,1
U7E8A,6
U61C3,4
U5F29,2
U3DCE,1
U8A36,3
U5881,3
U737A,4
U903E,20
U9185,6
U7468,2
U6C82,9
U5629,1
U6ADF,5
U502C,9
UF9B6,10
U70AB,5
U8ADF,1
U5642,1
U51C6,3
U56FF,11
U69CA,1
U9705,1
U813E,4
U7395,5
U6816,5
U5310,3
U786E,1
U71C3,10
U7633,5
U7DB0,5
U9588,7
U6E1F,2
U6389,12
U7B4D,3
U97E0,1
U7995,3
U5889,2
U6968,4
U9247,1
U81CD,1
U9A41,2
U6B96,7
U7032,5
U580A,3
U7DAB,6
U5CC0,1
UF99F,4
U7331,1
U5E3F,2
U9F6C,3
U6D2B,1
U559F,5
U6998,3
U73C9,3
U6273,2
U6772,3
U98F4,2
U54E8,2
U8586,1
U7F4D,3
U841F,2
U93A1,1
U8DDF,1
U4F97,4
U6D0A,4
U97E4,1
U83A9,4
U74AB,2
U3996,3
U78CE,1
U6913,2
U9949,6
U4FB6,7
U9719,1
U50F6,2
U7D88,2
U676A,6
U78E5,1
U5E32,3
U9F95,3
U4181,2
U7047,2
U5480,7
U7AE2,14
U8A84,7
U6436,5
U892D,3
U7242,1
U6289,7
U79D5,2
U9774,3
U8549,2
U8994,1
U96AE,2
U682B,7
U6685,1
U8616,2
U900D,15
UF9A0,1
U9EFC,15
U693D,6
U9AAB,5
U695E,5
U60DD,4
U8A50,13
U8CB0,4
U7AD7,1
U5AD3,2
U8201,9
U8A6E,4
U5533,2
U8084,7
U7CB1,4
U9689,1
U77A0,3
U7261,6
U5A2C,1
U87AF,2
U6175,6
U4FDA,8
U8FE6,5
U5953,1
U84AD,5
U8166,4
U617D,1
U992B,1
U8E94,4
U54E5,1
U58CE,3
UF904,1
U71C0,7
U7DC7,10
U9BC1,4
U5B84,3
U52C5,14
U539D,2
U6603,3
U5B03,1
U774D,1
U525F,1
U9E75,12
U8F44,3
U6DE9,2
U393F,2
U7A85,3
U92CF,1
U5F57,1
U62CD,5
U7C0B,5
U693F,6
U8098,3
U742F,3
U744E,2
U873B,1
U7827,7
U83E9,4
U6F78,4
UF9C7,1
U8F5D,2
U8EA0,1
U9EE0,1
U56C8,2
U8852,4
U5A9F,1
U9A40,5
U8028,3
U4F3D,7
U9B28,1
U97CE,2
U8C3B,4
U634D,3
U5F11,6
U6284,10
U866B,6
U559D,8
U8B56,3
U50E5,9
U5A6A,3
U6FCE,2
U65FB,2
U7B08,4
U7D32,2
U6FD8,3
U7485,2
U5D0E,2
U81C9,4
U6A5B,1
U7B66,1
U893B,5
U7584,1
U80FE,2
U7A84,8
U7471,1
U96CA,1
U98BF,4
U6204,1
U9712,1
U859C,5
U945E,2
U826B,1
U7C65,1
U7207,3
U8C94,5
U6C9A,4
U6EBD,4
U7D6F,1
U994D,6
U606A,7
U87AB,2
U7AAF,2
U8D07,2
U4F54,9
U81EC,6
U55AB,4
U5378,9
U9A03,2
U9641,1
U8D91,2
U59C6,1
U8278,1
U786F,7
U62C6,5
U7C27,2
U8052,2
U9EBD,4
U4F0D,8
U875F,2
U8768,2
U51CA,5
U8A61,2
U66AC,3
U54FD,5
U69FF,1
U9A3E,3
U5AF5,1
U683B,5
U6F5A,1
U8F05,6
U5EAC,3
U5514,2
U7681,1
U600F,4
U7738,3
U8821,6
U780C,5
U6FCA,3
U63C4,7
U93DE,2
U527D,6
U78FB,1
U7E1B,13
U5AB1,1
U7A78,2
U885A,1
U5154,12
U8F0A,4
U8882,10
U6523,2
U8DBA,5
U4D22,1
U8C57,1
U9D5D,2
U68E8,7
U64D8,6
U716E,5
UF902,3
U5254,2
U5699,1
U9758,3
U8845,2
U4A34,1
U99DF,10
U7FE1,1
U63AC,1
U8264,2
U5C4A,7
U70B0,2
U7498,4
U8B7E,5
U8012,4
U9EFB,10
U5708,8
U6D1F,2
U8392,1
U5E80,6
U4CB6,1
U5819,4
U75CD,3
U6555,2
U7E9B,2
U7A96,1
U87AD,3
U8A07,1
U6B43,3
U9838,2
U52E6,3
U5F6A,3
U758B,2
U69F3,3
U533D,4
U78FD,3
U54FF,1
U5635,2
U6D96,3
U6BD8,1
U724B,3
U78F5,3
U9B45,1
U9B90,2
U6C24,7
U80B0,1
U50B5,7
U744B,1
U74A8,4
U8F1E,7
U7E21,4
U75A2,4
U7CD3,1
U9019,4
U6C5C,4
U7E7E,4
U55C1,1
U9F5F,3
U905D,3
U7A4C,1
U9DE5,1
U724F,2
U57C8,6
U5591,5
U6180,2
U8759,1
U47FD,2
U822B,1
U8AE0,1
U940D,1
U6015,5
U895A,4
U7B33,4
U7CD6,2
U7274,1
U9ECF,1
U8F3E,2
U909B,1
U6409,1
U8ACF,6
U6C4D,5
U7628,3
U56F9,2
U9ABC,1
U55DB,6
U515C,3
U566C,4
U8EFE,4
U6031,1
U88DB,2
U8960,2
U82B7,1
U5028,3
U78F7,2
U895C,3
U5098,1
U8629,5
U6540,1
U78D4,1
U5B81,4
U6DF2,1
U5D99,1
U800B,8
U5550,1
U814F,4
U8AA7,1
U776A,2
U9661,2
U8E23,4
U66C0,2
U51C2,1
U666C,2
U637D,1
U9AFB,3
U5E96,3
U9DAF,2
U6112,1
U5C2B,2
U9B1A,8
U5777,1
U9724,1
U5F7F,6
U5D42,2
U681D,1
U9381,1
UF959,1
U73BF,2
U7802,2
U8DC2,5
U97FD,1
U7B6D,3
U8734,1
U9A46,1
U64AE,4
U744D,1
U9C53,1
U96DD,6
U7CB3,3
U84A8,3
U59CD,1
U7AB3,4
U7C4A,2
U67E2,5
U51F9,1
U9AE1,3
U8411,4
U6969,2
U5232,1
U4093,1
U571C,3
U6E4E,1
U6D7F,4
U3762,3
U7725,1
U6145,2
U74E2,5
U6D35,1
U8619,4
U659D,5
U676E,1
U530F,4
U608F,2
U9785,6
U6428,2
U5704,1
U93DF,2
U814A,2
U6F82,2
U7F5F,3
U9B43,8
U5A41,3
U6FA8,2
U8266,2
U76C2,5
U742E,1
U9D89,1
U7D1D,1
U8155,4
U856B,2
U5B82,2
U95CD,1
U5F0B,3
U7E9C,1
U88B4,3
U7CF4,1
U9127,1
U6BB3,1
U82AE,1
U8298,1
U6B54,7
UF9B8,1
U8438,1
U7FBF,1
U9394,10
U6DD9,2
U5475,4
U91C2,2
U769D,1
U9726,2
U5B43,2
U81C8,2
U81A9,4
U8A3A,2
U7F47,8
U722A,3
U5D81,1
U9BE2,4
U88A8,2
U7A94,1
U8806,2
U9B2F,6
U7E64,2
U6207,4
U8517,2
U668C,1
U7DA6,1
U8093,2
U83A2,1
U917A,1
U7B92,2
U54B2,4
U9F10,1
UF97E,1
U9DFC,1
U7523,6
U5DAA,5
U819C,2
U9859,3
U5869,1
U9B1F,2
U7D62,7
U81C0,2
U86DF,6
U50E6,5
U6643,3
U700C,1
U83A8,1
U4F45,1
U7F91,2
U5E62,3
U6C0A,1
U5D12,2
U6B38,2
U6B3B,5
U6BBD,2
U64F2,3
U814E,1
U53C9,2
U7F94,3
U4ED4,1
U736A,1
U9AED,4
U6748,1
U77DA,4
U7D79,3
U6583,3
U9684,1
U6492,1
U5048,5
U52B9,1
U5323,5
U4F5F,2
U5795,7
U810A,6
U7162,3
U571D,2
U7426,3
U79B4,1
U6FAE,1
U5FE1,6
U62EE,3
U91DD,2
U6E8D,1
U61DF,3
U58E0,2
U95B6,4
U9118,2
U60B3,3
U9BC9,7
U75B9,6
U6BC1,3
U5742,6
U7D3A,5
U6BAE,2
U6DFC,1
U649A,1
U9F14,1
U99BD,1
U7B7D,1
UF9FE,1
U96F9,5
U5BCF,1
U87CA,3
UF9C4,4
U76DE,3
UF90C,2
U749C,3
U5420,4
U93F6,2
U73B2,3
U4A2A,2
U6D36,7
U519E,6
U640F,6
U5B17,5
U5DA7,2
U51ED,3
U9955,3
U978B,7
U7757,1
U8E4C,2
U7027,1
UF9DA,1
U61F5,1
U9A29,2
U53DB,11
U90AF,1
U52AC,8
U9470,6
U8E26,1
U9190,1
U53E1,1
U6398,4
U89B8,1
U6954,6
U919F,1
U6749,2
U7AFD,6
U89FA,2
U6183,1
U5BC3,3
U6FA0,1
U8DBC,2
U50BC,1
U7747,1
U8AF4,3
U9731,1
U8E95,1
U6AEC,2
U64E5,6
U7D10,1
U6D59,7
U5A20,3
U866F,3
U8014,1
U6D0C,3
U9B23,2
U50BA,2
U6D8A,1
U68CD,1
U5201,3
U84B1,1
U5EDB,3
U6676,2
U5B34,1
U88AA,2
U6100,10
U7BDA,5
U5649,1
U67B0,1
U7A6A,3
U8998,5
U7064,2
U6A83,3
U96B2,5
U727E,1
U937C,4
U74A1,3
U7D7F,1
U7FFD,3
U7BAD,7
U7C95,3
U522A,2
U8354,2
U4BFB,2
U7441,1
U7ADB,1
U78DA,2
U5117,4
U881B,3
U876E,1
U50D0,1
U962A,4
U7762,4
U5D41,1
U7E8D,8
U9A44,4
U5664,1
U74E3,4
U56B6,5
U7E52,2
U79BF,1
U884E,1
U528C,2
U636B,4
U3ABA,3
U8638,1
U815D,1
U8C79,8
U684E,2
U8594,2
U9320,2
U7A95,2
U828A,2
U7272,7
U6475,4
U877A,1
U9E87,1
U8A22,3
U548D,1
U5029,4
U9C10,1
U65C2,3
U6AEA,4
U7F83,1
U734D,1
U8F00,3
U8774,3
U9B48,1
U532D,1
U7B8E,4
U6DC7,4
U80D9,2
U6C69,5
U61FB,4
U660D,1
U77B7,4
U7AFA,2
U6371,2
U53D9,4
U79D6,3
U6C76,1
U9870,1
U8357,1
U4F09,6
U81DE,2
U720D,3
U7413,2
U9C25,1
U7392,1
U82FB,3
U99F1,3
U6516,2
U5720,1
U5685,3
U80A2,3
U801F,1
U89A6,2
U8E97,1
U7D6A,3
U5F67,2
U7296,5
U9853,3
U77B9,2
U85FF,5
U71EC,1
U7039,2
U8E90,3
U6310,2
U792B,1
U70D2,3
U72E8,1
U8778,2
U61AF,6
U6165,2
U5EDE,1
U55C5,1
U5AB8,2
U6960,2
U8343,2
U7526,5
U5637,2
U8514,4
U66EF,1
U96A9,1
U9EDF,1
U3809,1
U5C4E,3
U64BB,2
U77B3,1
U9E79,2
U98B6,2
U76FE,3
U5686,1
U623A,1
U6A5C,1
U5AC9,3
U7280,6
U95DA,1
U7141,1
U861A,5
U662A,2
U6F5D,2
U859D,1
U8215,1
U771B,1
U8E87,2
U7C11,1
UF9DC,2
U7A21,3
U537C,2
U5107,3
U9865,1
U5296,1
U855E,4
U96A4,2
U6F41,3
U6B82,2
U56C0,1
U809A,1
U8D14,3
U62A8,1
U863C,3
U566D,2
U7487,4
U550F,5
U82BC,1
U3DD7,1
U8B0C,2
U9F54,3
U73CA,2
U7B6C,2
U7B50,1
U9234,1
U7D4D,1
U6262,3
U9B06,1
U5771,1
U5879,3
U5BAC,1
U402D,1
U76EC,6
U5E61,5
UF983,3
U9136,1
U697A,1
U828B,2
U5D84,2
U5BD8,4
U6595,2
U914B,1
U75D7,1
UF9F7,3
U61E3,2
U7FEC,3
U61AE,1
U5C8F,2
U9826,1
U706F,1
U3EE6,1
U86DB,2
U503B,1
U5F6F,1
U97C9,1
U5E6C,1
U8B86,1
U8AEE,2
U7998,3
U7BB8,1
U7826,1
U6FEE,1
U5ED2,2
U936A,1
UF9FA,2
U7457,1
U6221,2
U9F2F,1
U6FE9,6
U8F47,1
U7D09,1
U5094,2
U87CB,3
UF9DE,2
U84B9,1
U59E4,1
U6C81,1
U7607,1
U85D5,2
U95BD,6
U5106,3
U7642,5
U9D61,3
U90D7,1
U8A02,2
U63E9,1
U6FC6,4
U9816,1
U8CD5,1
U7421,2
U6890,1
U803B,1
U6874,2
U91C5,1
U7E7B,1
U742C,2
U84C2,2
U7BD4,2
U6302,1
U9DEF,2
U4EB3,1
U6A8D,1
U900C,3
U7CDD,1
U5FAD,3
U629B,2
UF976,2
U894D,2
U849D,1
U6A3B,1
U390B,2
U89B5,1
U9EC8,1
U65FC,1
U78F2,1
U8DD7,2
U6133,1
U56F7,3
U77CD,3
U5D0D,1
U76CC,1
U638A,1
U8E8A,2
U5B0B,2
U7409,6
U8220,3
U71FE,4
U557D,1
U6D2E,1
U9A4D,3
UF9B5,1
U5293,1
U6450,1
U8842,1
U514C,1
U6B5D,1
U60F4,4
U7BF2,1
U6C4E,3
U6117,2
U9739,1
U747E,5
U5FFC,2
U613E,3
U962E,5
U9DA1,3
U82B0,1
U7590,1
U7953,1
U5F88,1
U8600,1
U82AD,1
U69B4,4
U8141,1
U56A5,1
U6DDD,4
U90C5,1
U60A2,3
U5D54,3
U77AC,2
U8713,2
U91D6,1
U5E0A,1
U906B,2
U63C9,2
U9EFF,1
U5599,2
U943B,1
U7381,1
U602C,1
U7DCF,1
U77A2,5
U6FB3,1
U6735,1
U97C1,3
U7B2F,2
U90A2,2
U5E6A,3
U73CF,1
U6D0F,1
U9A54,1
U603E,1
U91F0,3
U5CBE,1
U62F4,1
U3BD9,1
U9017,2
U9F09,1
U5B3E,1
U6877,2
U3C84,1
U9364,5
U62BB,1
U7F8C,5
U931A,2
U7832,1
U96CE,2
U83F6,2
U9212,1
U5E76,1
U8A29,1
U5504,1
U8844,2
U918E,2
U5041,1
U5849,1
U49B1,1
U8076,1
U8709,1
U7CE0,2
U7352,2
U5E7F,1
U65CD,1
U98B8,1
U7168,2
U63D2,2
U819F,1
U97BF,3
U6047,2
U776F,1
U552B,4
U93F7,1
U57A0,5
U7575,2
U3EB6,1
U87BD,1
U7E88,1
U7996,1
U5133,1
U6AFB,2
U85FA,1
U72A2,1
U689F,4
U8640,1
U86C6,1
U3566,1
U41D5,2
U8E84,2
U798A,1
U7102,1
U72C1,1
U7435,1
U9B91,3
U5249,1
U4EFF,1
U68DA,1
U9070,1
UF981,3
U77B6,1
U5EE8,7
U9D5C,2
U3A16,1
U564D,1
U51D8,1
U966B,2
U8F27,1
U5AEB,1
U88D9,2
U8737,1
UF92F,2
U5820,1
U5924,1
U366B,1
U5292,2
U608A,1
U9AD2,1
U51C8,1
U7C40,1
U76AD,1
U8291,2
U6670,2
U7765,1
UF9FB,1
U8708,1
U9F67,3
U7868,1
U57F0,1
U8258,1
U7D15,1
U8A41,2
U85BA,1
U782D,2
U674C,1
U6994,1
U625B,1
U7473,1
U8E41,2
U9B92,2
U8304,2
U9B93,2
U51F8,2
U9722,2
U81A1,1
U9EE5,1
U73C2,2
U647A,1
U72F7,1
U67F5,2
U5CD2,3
U4F7A,1
U914E,1
U59B2,1
U8EF9,1
U65CE,1
U68EB,1
U6C87,1
U77FC,1
U56AD,1
U99F0,1
U686E,3
U78F6,1
U8646,2
U3F97,1
U850C,1
U68CA,2
U9837,2
U808E,1
UF949,1
U916A,2
U81B0,1
U7B94,1
U60D4,1
U7ABD,1
U760D,1
U4D77,1
U55E2,1
U7024,1
U5CA3,1
U69EE,2
U9BF9,1
U7C39,2
U5E7A,1
U7B60,5
U7297,1
U9B10,2
U9998,1
U58D5,1
U7370,1
U8515,1
U82E7,1
U754E,1
U801C,2
U6B2C,1
U638E,1
U5B40,1
U7B74,1
U65B8,3
U6A97,1
U9EB0,1
U524B,2
U678B,2
U8A7F,2
U5486,1
U63BE,1
U457A,1
U7D16,1
U78C5,3
U78AD,1
U8461,3
U4FF3,1
U4E0C,2
U9EE7,1
U8A3C,2
U740A,1
U7AEE,1
U7F76,1
U9C60,1
U83D1,3
U8075,1
U9076,2
U552C,1
U9A24,2
U6CDA,3
U572F,2
U6B00,1
U7625,1
U54BB,2
U7D89,1
U6F87,2
U8526,1
U6F35,3
U857E,1
U8E42,1
U9A27,1
U8E4E,1
U7A27,2
U918B,1
U7448,1
U9D1E,2
U6712,1
U6937,1
U63A6,1
UF9D3,2
U8E1F,1
U89B7,2
U85DF,1
U705E,1
U6C8D,2
U6791,1
U69B1,1
U5FDE,1
U7DAE,1
U6A1B,2
U52CC,1
U809C,1
U58D9,4
U5072,1
U9325,2
U4183,2
U96B9,1
U3ADC,3
U8211,1
U58B0,1
U6214,2
U87BA,2
U6EF8,1
U963D,1
U7E22,2
U5614,1
U80D7,1
U9BC8,1
U5672,1
U4F3B,2
U92D9,1
U59AC,2
U542A,1
U7C4B,1
U9E95,2
U973E,3
U39BF,1
U7424,1
U9164,4
U8761,1
U8F2D,1
U6662,1
U944A,2
U8822,2
U85A9,2
U6A59,1
U923A,1
U8656,2
U9415,1
U9EE4,1
U6F80,1
U584D,1
U80DE,2
U7C0F,1
U5ABE,3
U69FD,1
U840F,2
U90F4,1
U8A7C,2
U8D90,2
U600A,1
U774B,1
U9E07,3
U8C39,1
U888B,1
U735C,1
U652B,1
U7BA0,1
U6A51,1
U5662,1
U87C6,1
U6727,1
U76FB,1
UF94F,1
U5669,1
U8E1D,1
U73AD,1
U90D5,1
U8C68,1
U696F,1
U517A,1
U7670,1
U87C7,1
U794F,2
U967B,1
U89E9,1
U75A5,1
U882D,2
U6939,1
U83D6,2
U7D21,1
U78CC,1
U5852,1
U500B,3
U647B,2
U55A3,1
U7F3E,3
U5634,1
U7680,1
U77F0,1
U64C8,1
U6641,1
U6250,1
U896E,2
U6834,1
U7660,2
U9C49,1
U536C,1
U898A,2
U5817,1
U7814,2
U992E,1
U34CB,1
U9132,1
U9917,1
U8C3A,1
U7AA3,2
U624E,1
U908F,1
U6E42,1
U5B7D,1
U6EC7,2
U7ADA,1
UF9B2,1
U775B,1
U7085,1
U6F8E,2
U8160,1
U81E1,1
U88FC,1
U71BA,1
U887A,1
U91AC,1
U8561,1
U5CCB,1
U97CC,1
U746F,1
U9800,1
U795F,1
U60D8,1
U8B14,2
U54E2,1
U8232,1
U66C5,1
U578D,1
U86B7,1
U8ED4,2
U93AC,1
U6490,1
U587C,1
U6876,1
U9776,1
U7D18,2
U78C1,1
U93DA,1
U829A,1
U7E63,1
U7D8D,5
U9DF3,1
U6958,1
U9C15,2
U58A2,1
U5DAE,1
U99DD,1
U9F41,2
U91B1,1
U547F,1
U6FC8,2
U7428,1
U8237,1
U6D04,2
U7F63,1
U7D5B,1
U8347,1
U7610,1
U8ADD,3
U7054,2
U7C5D,1
U7668,1
U54AC,1
U8C8A,1
U59EB,1
U5075,1
U81D9,1
U8117,1
U59F1,1
U50C2,2
U73F5,1
U6146,1
U479F,1
U69BE,1
U8906,1
U8599,1
U73AB,1
U775F,1
U5E9B,1
U7929,1
U64A9,2
U658C,1
U6DDF,2
U588D,2
U73D9,1
U9916,1
U738F,1
U7E87,1
UF9B3,1
U61F9,1
U6B8D,2
U5BEF,1
U562C,1
U7966,1
U730A,1
U506B,1
U9165,1
U9AEF,1
U50A1,1
U5315,1
U6A8E,1
U8729,1
U9120,1
U44E4,1
U5A13,2
U7622,1
U717C,1
U611E,1
U62FD,1
U98F6,1
U7A7C,2
U8233,1
U63CF,1
U81EF,1
U58BE,4
U88BD,1
U5EFC,2
U6634,1
U9C0C,1
U5113,3
U62DA,1
U761D,1
U99A0,1
U7BE8,1
U5A6D,1
U6F5E,1
U83F0,1
U81DF,1
U8763,1
U7149,1
U6757,1
U7203,1
U84FD,1
U9AE9,1
U8CF8,1
U6054,1
U9B2D,1
U3B05,1
U90A0,1
U6264,1
U5563,1
U7474,1
U4661,1
U851E,1
U7746,1
U8815,1
U9D9A,1
U7A5F,1
U99BA,1
U587F,1
U53DA,1
U3B2B,1
U6ECE,1
U939B,1
U7D5C,1
U6CEC,1
U70D3,1
U69CD,1
U5A18,1
U749F,1
U63D4,1
U81C3,1
U5244,1
U652A,1
U9D42,1
U8622,1
U39FE,1
U6ED9,1
U9777,1
U7A0A,1
U6010,2
U7E35,1
U513A,1
U9DBB,1
U730D,1
UF914,1
U7E0A,2
U5C69,1
U730B,1
U8DD5,1
U8EB1,1
U8760,1
U5025,1
U7D86,1
U9288,1
U7DEB,1
U67F0,1
U89BC,1
U80E3,1
U4FE0,1
U80DD,1
U6487,1
U7BE6,1
U60B1,1
U8695,1
U6B5C,1
U59DD,1
U7292,1
U612F,1
U6755,1
U6C85,1
U74D4,1
U75FA,2
U8725,1
U60DB,1
U7440,1
U6D85,1
U870D,1
U83DF,1
U8DD6,1
U7F5D,1
U7BD9,1
U6911,1
U51F7,1
U8908,1
U61CC,1
U8736,1
U7736,1
U7D7A,1
U946A,1
U668D,1
U6DE4,1
U7860,1
U57E4,1
U8797,1
U9749,1
U742A,1
U91BD,1
U597C,1
U9AAD,1
U525C,1
U6E26,1
